2026-09-12 17:30:33,350 - interview_orchestrator - INFO - Starting orchestrator run: interview_scrape_20260913_003033
2026-09-12 17:30:33,352 - interview_orchestrator - INFO - Date range: 2026-03-17 to 2026-09-13
2026-09-12 17:30:33,352 - interview_orchestrator - INFO - Max concurrency: 5, Incremental: False
2026-09-12 17:30:33,353 - interview_orchestrator - INFO - Running 18 scrapers
2026-09-12 17:30:33,353 - interview_orchestrator - INFO - Running priority 1 scrapers: ['devto', 'hackernews', 'reddit']
2026-09-12 17:30:33,353 - interview_orchestrator - INFO - Starting scraper: devto
2026-09-12 17:30:33,843 - interview_orchestrator - INFO - Starting scraper: hackernews
2026-09-12 17:30:33,854 - interview_orchestrator - INFO - hackernews: Found 0, unique 0, duplicates 0
2026-09-12 17:30:33,857 - interview_orchestrator - INFO - Starting scraper: reddit
2026-09-12 17:30:33,857 - interview_orchestrator - INFO - reddit: Found 0, unique 0, duplicates 0
2026-09-12 17:30:33,857 - interview_orchestrator - WARNING - devto failed: scrape_devto() got an unexpected keyword argument 'start_date', retrying (1/3)
2026-09-12 17:30:34,864 - interview_orchestrator - WARNING - devto failed: scrape_devto() got an unexpected keyword argument 'start_date', retrying (2/3)
2026-09-12 17:30:36,879 - interview_orchestrator - INFO - devto: Found 0, unique 0, duplicates 0
2026-09-12 17:30:36,883 - interview_orchestrator - INFO - Completed devto: completed, found=0, new=0, duration=3.5s
2026-09-12 17:30:36,883 - interview_orchestrator - INFO - Completed hackernews: completed, found=0, new=0, duration=0.0s
2026-09-12 17:30:36,883 - interview_orchestrator - INFO - Completed reddit: completed, found=0, new=0, duration=0.0s
2026-09-12 17:30:36,885 - interview_orchestrator - INFO - Running priority 2 scrapers: ['github_repos', 'github_gists', 'geeksforgeeks', 'careercup', 'leetcode_discuss']
2026-09-12 17:30:36,885 - interview_orchestrator - INFO - Starting scraper: github_repos
2026-09-12 17:30:36,935 - interview_orchestrator - INFO - Starting scraper: github_gists
2026-09-12 17:30:36,968 - interview_orchestrator - INFO - Starting scraper: geeksforgeeks
2026-09-12 17:30:36,992 - interview_orchestrator - INFO - Starting scraper: careercup
2026-09-12 17:30:37,019 - interview_orchestrator - INFO - Starting scraper: leetcode_discuss
2026-09-12 17:30:37,041 - interview_orchestrator - WARNING - github_repos failed: scrape_github_repos() got an unexpected keyword argument 'start_date', retrying (1/3)
2026-09-12 17:30:37,043 - interview_orchestrator - WARNING - github_gists failed: scrape_github_gists() got an unexpected keyword argument 'start_date', retrying (1/3)
2026-09-12 17:30:37,043 - interview_orchestrator - WARNING - geeksforgeeks failed: scrape_geeksforgeeks() got an unexpected keyword argument 'start_date', retrying (1/3)
2026-09-12 17:30:37,043 - interview_orchestrator - WARNING - careercup failed: scrape_careercup() got an unexpected keyword argument 'start_date', retrying (1/3)
2026-09-12 17:30:37,043 - interview_orchestrator - WARNING - leetcode_discuss failed: scrape_leetcode_discuss() got an unexpected keyword argument 'start_date', retrying (1/3)
2026-09-12 17:30:38,055 - interview_orchestrator - WARNING - github_repos failed: scrape_github_repos() got an unexpected keyword argument 'start_date', retrying (2/3)
2026-09-12 17:30:38,055 - interview_orchestrator - WARNING - github_gists failed: scrape_github_gists() got an unexpected keyword argument 'start_date', retrying (2/3)
2026-09-12 17:30:38,056 - interview_orchestrator - WARNING - geeksforgeeks failed: scrape_geeksforgeeks() got an unexpected keyword argument 'start_date', retrying (2/3)
2026-09-12 17:30:38,056 - interview_orchestrator - WARNING - leetcode_discuss failed: scrape_leetcode_discuss() got an unexpected keyword argument 'start_date', retrying (2/3)
2026-09-12 17:30:38,056 - interview_orchestrator - WARNING - careercup failed: scrape_careercup() got an unexpected keyword argument 'start_date', retrying (2/3)
2026-09-12 17:30:40,063 - interview_orchestrator - INFO - github_repos: Found 0, unique 0, duplicates 0
2026-09-12 17:30:40,066 - interview_orchestrator - INFO - github_gists: Found 0, unique 0, duplicates 0
2026-09-12 17:30:40,069 - interview_orchestrator - INFO - geeksforgeeks: Found 0, unique 0, duplicates 0
2026-09-12 17:30:40,073 - interview_orchestrator - INFO - careercup: Found 0, unique 0, duplicates 0
2026-09-12 17:30:40,077 - interview_orchestrator - INFO - leetcode_discuss: Found 0, unique 0, duplicates 0
2026-09-12 17:30:40,081 - interview_orchestrator - INFO - Completed github_repos: completed, found=0, new=0, duration=3.2s
2026-09-12 17:30:40,081 - interview_orchestrator - INFO - Completed github_gists: completed, found=0, new=0, duration=3.1s
2026-09-12 17:30:40,081 - interview_orchestrator - INFO - Completed geeksforgeeks: completed, found=0, new=0, duration=3.1s
2026-09-12 17:30:40,081 - interview_orchestrator - INFO - Completed careercup: completed, found=0, new=0, duration=3.1s
2026-09-12 17:30:40,082 - interview_orchestrator - INFO - Completed leetcode_discuss: completed, found=0, new=0, duration=3.1s
2026-09-12 17:30:40,082 - interview_orchestrator - INFO - Running priority 3 scrapers: ['nowcoder', 'programmers_kr', 'qiita', 'habr']
2026-09-12 17:30:40,083 - interview_orchestrator - INFO - Starting scraper: nowcoder
2026-09-12 17:30:40,117 - interview_orchestrator - INFO - Starting scraper: programmers_kr
2026-09-12 17:30:40,147 - interview_orchestrator - INFO - Starting scraper: qiita
2026-09-12 17:30:40,182 - interview_orchestrator - INFO - Starting scraper: habr
2026-09-12 17:30:40,199 - interview_orchestrator - WARNING - nowcoder failed: scrape_nowcoder() got an unexpected keyword argument 'start_date', retrying (1/3)
2026-09-12 17:30:40,200 - interview_orchestrator - WARNING - programmers_kr failed: scrape_programmers_kr() got an unexpected keyword argument 'start_date', retrying (1/3)
2026-09-12 17:30:40,200 - interview_orchestrator - WARNING - qiita failed: scrape_qiita() got an unexpected keyword argument 'start_date', retrying (1/3)
2026-09-12 17:30:40,200 - interview_orchestrator - WARNING - habr failed: scrape_habr() got an unexpected keyword argument 'start_date', retrying (1/3)
2026-09-12 17:30:41,213 - interview_orchestrator - WARNING - nowcoder failed: scrape_nowcoder() got an unexpected keyword argument 'start_date', retrying (2/3)
2026-09-12 17:30:41,214 - interview_orchestrator - WARNING - programmers_kr failed: scrape_programmers_kr() got an unexpected keyword argument 'start_date', retrying (2/3)
2026-09-12 17:30:41,214 - interview_orchestrator - WARNING - qiita failed: scrape_qiita() got an unexpected keyword argument 'start_date', retrying (2/3)
2026-09-12 17:30:41,214 - interview_orchestrator - WARNING - habr failed: scrape_habr() got an unexpected keyword argument 'start_date', retrying (2/3)
2026-09-12 17:30:43,223 - interview_orchestrator - INFO - nowcoder: Found 0, unique 0, duplicates 0
2026-09-12 17:30:43,223 - interview_orchestrator - INFO - programmers_kr: Found 0, unique 0, duplicates 0
2026-09-12 17:30:43,223 - interview_orchestrator - INFO - qiita: Found 0, unique 0, duplicates 0
2026-09-12 17:30:43,227 - interview_orchestrator - INFO - habr: Found 0, unique 0, duplicates 0
2026-09-12 17:30:43,227 - interview_orchestrator - INFO - Completed nowcoder: completed, found=0, new=0, duration=3.1s
2026-09-12 17:30:43,227 - interview_orchestrator - INFO - Completed programmers_kr: completed, found=0, new=0, duration=3.1s
2026-09-12 17:30:43,227 - interview_orchestrator - INFO - Completed qiita: completed, found=0, new=0, duration=3.1s
2026-09-12 17:30:43,227 - interview_orchestrator - INFO - Completed habr: completed, found=0, new=0, duration=3.0s
2026-09-12 17:30:43,227 - interview_orchestrator - INFO - Running priority 4 scrapers: ['takeuforward', 'codestudio']
2026-09-12 17:30:43,229 - interview_orchestrator - INFO - Starting scraper: takeuforward
2026-09-12 17:30:43,238 - interview_orchestrator - INFO - Starting scraper: codestudio
2026-09-12 17:30:43,251 - interview_orchestrator - WARNING - takeuforward failed: scrape_takeuforward() got an unexpected keyword argument 'start_date', retrying (1/3)
2026-09-12 17:30:43,251 - interview_orchestrator - WARNING - codestudio failed: scrape_codestudio() got an unexpected keyword argument 'start_date', retrying (1/3)
2026-09-12 17:30:44,253 - interview_orchestrator - WARNING - takeuforward failed: scrape_takeuforward() got an unexpected keyword argument 'start_date', retrying (2/3)
2026-09-12 17:30:44,253 - interview_orchestrator - WARNING - codestudio failed: scrape_codestudio() got an unexpected keyword argument 'start_date', retrying (2/3)
2026-09-12 17:30:46,254 - interview_orchestrator - INFO - takeuforward: Found 0, unique 0, duplicates 0
2026-09-12 17:30:46,254 - interview_orchestrator - INFO - codestudio: Found 0, unique 0, duplicates 0
2026-09-12 17:30:46,254 - interview_orchestrator - INFO - Completed takeuforward: completed, found=0, new=0, duration=3.0s
2026-09-12 17:30:46,254 - interview_orchestrator - INFO - Completed codestudio: completed, found=0, new=0, duration=3.0s
2026-09-12 17:30:46,254 - interview_orchestrator - INFO - Running priority 5 scrapers: ['quantfinance', 'wikijob_uk', 'dou_ukraine', 'openwork_japan']
2026-09-12 17:30:46,257 - interview_orchestrator - INFO - Starting scraper: quantfinance
2026-09-12 17:30:46,257 - interview_orchestrator - INFO - Starting scraper: wikijob_uk
2026-09-12 17:30:46,260 - interview_orchestrator - INFO - wikijob_uk: Found 0, unique 0, duplicates 0
2026-09-12 17:30:46,260 - interview_orchestrator - INFO - Starting scraper: dou_ukraine
2026-09-12 17:30:46,264 - interview_orchestrator - INFO - dou_ukraine: Found 0, unique 0, duplicates 0
2026-09-12 17:30:46,265 - interview_orchestrator - INFO - Starting scraper: openwork_japan
2026-09-12 17:30:46,271 - interview_orchestrator - WARNING - quantfinance failed: scrape_quant_finance() got an unexpected keyword argument 'start_date', retrying (1/3)
2026-09-12 17:30:46,271 - interview_orchestrator - WARNING - openwork_japan failed: scrape_openwork() got an unexpected keyword argument 'start_date', retrying (1/3)
2026-09-12 17:30:47,285 - interview_orchestrator - WARNING - quantfinance failed: scrape_quant_finance() got an unexpected keyword argument 'start_date', retrying (2/3)
2026-09-12 17:30:47,285 - interview_orchestrator - WARNING - openwork_japan failed: scrape_openwork() got an unexpected keyword argument 'start_date', retrying (2/3)
2026-09-12 17:30:49,300 - interview_orchestrator - INFO - quantfinance: Found 0, unique 0, duplicates 0
2026-09-12 17:30:49,300 - interview_orchestrator - INFO - openwork_japan: Found 0, unique 0, duplicates 0
2026-09-12 17:30:49,306 - interview_orchestrator - INFO - Completed quantfinance: completed, found=0, new=0, duration=3.0s
2026-09-12 17:30:49,306 - interview_orchestrator - INFO - Completed wikijob_uk: completed, found=0, new=0, duration=0.0s
2026-09-12 17:30:49,306 - interview_orchestrator - INFO - Completed dou_ukraine: completed, found=0, new=0, duration=0.0s
2026-09-12 17:30:49,306 - interview_orchestrator - INFO - Completed openwork_japan: completed, found=0, new=0, duration=3.0s
2026-09-12 17:30:49,310 - interview_orchestrator - INFO - Orchestrator complete: 18/18 succeeded, 0 failed, 0 skipped, total questions: 0 new, duration: 16.0s
2026-09-12 17:32:07,187 - interview_orchestrator - INFO - Starting orchestrator run: interview_scrape_20260913_003207
2026-09-12 17:32:07,187 - interview_orchestrator - INFO - Date range: 2025-09-18 to 2026-09-13
2026-09-12 17:32:07,187 - interview_orchestrator - INFO - Max concurrency: 5, Incremental: False
2026-09-12 17:32:07,187 - interview_orchestrator - INFO - Running 4 scrapers
2026-09-12 17:32:07,187 - interview_orchestrator - INFO - Running priority 1 scrapers: ['devto']
2026-09-12 17:32:07,187 - interview_orchestrator - INFO - Starting scraper: devto
2026-09-12 17:37:07,504 - interview_orchestrator - WARNING - devto timed out, retrying (1/3)
2026-09-12 17:39:48,146 - interview_orchestrator - INFO - Starting orchestrator run: interview_scrape_20260913_003948
2026-09-12 17:39:48,146 - interview_orchestrator - INFO - Date range: 2025-09-18 to 2026-09-13
2026-09-12 17:39:48,146 - interview_orchestrator - INFO - Max concurrency: 5, Incremental: False
2026-09-12 17:39:48,146 - interview_orchestrator - INFO - Running 1 scrapers
2026-09-12 17:39:48,147 - interview_orchestrator - INFO - Running priority 1 scrapers: ['devto']
2026-09-12 17:39:48,147 - interview_orchestrator - INFO - Starting scraper: devto
2026-09-12 17:40:43,783 - interview_orchestrator - INFO - devto: Found 1212, unique 1212, duplicates 0
2026-09-12 17:40:43,792 - interview_orchestrator - INFO - Completed devto: completed, found=1212, new=1212, duration=516.6s
2026-09-12 17:40:43,793 - interview_orchestrator - INFO - Running priority 2 scrapers: ['github_repos', 'careercup', 'leetcode_discuss']
2026-09-12 17:40:43,794 - interview_orchestrator - INFO - Starting scraper: github_repos
2026-09-12 17:40:43,828 - interview_orchestrator - INFO - Starting scraper: careercup
2026-09-12 17:40:43,843 - interview_orchestrator - INFO - Starting scraper: leetcode_discuss
2026-09-12 17:40:43,868 - scraper_monitoring - INFO - Started tracking run leetcode_discuss_1789260043 for leetcode_discuss
2026-09-12 17:40:43,868 - sources.interview_questions.leetcode_discuss - INFO - Scraping LeetCode Discuss (last 12 months)...
2026-09-12 17:40:46,614 - sources.interview_questions.github_repos - ERROR - Error processing yangshun/tech-interview-handbook: InterviewQuestion.__init__() got an unexpected keyword argument 'topics'
2026-09-12 17:40:47,851 - interview_orchestrator - INFO - github_repos: Found 0, unique 0, duplicates 0
2026-09-12 17:40:55,462 - sources.interview_questions.leetcode_discuss - ERROR - Error fetching topic 6525533: Expecting value: line 1 column 1 (char 0)
2026-09-12 17:41:02,593 - sources.interview_questions.leetcode_discuss - ERROR - Error fetching topic 6501901: Expecting value: line 1 column 1 (char 0)
2026-09-12 17:41:58,604 - sources.interview_questions.leetcode_discuss - ERROR - Error fetching topic 6498939: Expecting value: line 1 column 1 (char 0)
2026-09-12 17:42:12,845 - interview_orchestrator - INFO - Starting orchestrator run: interview_scrape_20260913_004212
2026-09-12 17:42:12,845 - interview_orchestrator - INFO - Date range: 2026-06-15 to 2026-09-13
2026-09-12 17:42:12,845 - interview_orchestrator - INFO - Max concurrency: 5, Incremental: False
2026-09-12 17:42:12,845 - interview_orchestrator - INFO - Running 1 scrapers
2026-09-12 17:42:12,845 - interview_orchestrator - INFO - Running priority 2 scrapers: ['github_repos']
2026-09-12 17:42:12,845 - interview_orchestrator - INFO - Starting scraper: github_repos
2026-09-12 17:42:15,046 - sources.interview_questions.github_repos - ERROR - Error processing yangshun/tech-interview-handbook: InterviewQuestion.__init__() got an unexpected keyword argument 'topics'
2026-09-12 17:42:16,643 - interview_orchestrator - INFO - github_repos: Found 0, unique 0, duplicates 0
2026-09-12 17:42:16,644 - interview_orchestrator - INFO - Completed github_repos: completed, found=0, new=0, duration=3.8s
2026-09-12 17:42:16,645 - interview_orchestrator - INFO - Orchestrator complete: 1/1 succeeded, 0 failed, 0 skipped, total questions: 0 new, duration: 3.8s
2026-09-12 17:42:25,721 - sources.interview_questions.leetcode_discuss - ERROR - Error fetching topic 6498584: Expecting value: line 1 column 1 (char 0)
2026-09-12 17:43:51,213 - sources.interview_questions.leetcode_discuss - ERROR - Error fetching topic 6497498: Expecting value: line 1 column 1 (char 0)
2026-09-12 17:44:08,301 - interview_orchestrator - INFO - Starting orchestrator run: interview_scrape_20260913_004408
2026-09-12 17:44:08,306 - interview_orchestrator - INFO - Date range: 2026-03-17 to 2026-09-13
2026-09-12 17:44:08,306 - interview_orchestrator - INFO - Max concurrency: 5, Incremental: False
2026-09-12 17:44:08,306 - interview_orchestrator - INFO - Running 1 scrapers
2026-09-12 17:44:08,306 - interview_orchestrator - INFO - Running priority 2 scrapers: ['github_repos']
2026-09-12 17:44:08,306 - interview_orchestrator - INFO - Starting scraper: github_repos
2026-09-12 17:44:21,858 - interview_orchestrator - ERROR - Scraper github_repos failed
Traceback (most recent call last):
  File "C:\Users\ameko\Downloads\newgrad-radar-clean\newgrad-radar-clean\scraper\interview_orchestrator.py", line 785, in _run_scraper
    unique_questions, duplicates = await self._deduplicate_questions(questions)
                                   ^^^^^^^^^^^^^^^^^^^^^^^^^^^^^^^^^^^^^^^^^^^^
  File "C:\Users\ameko\Downloads\newgrad-radar-clean\newgrad-radar-clean\scraper\interview_orchestrator.py", line 590, in _deduplicate_questions
    q_hash = self._generate_question_hash(q)
             ^^^^^^^^^^^^^^^^^^^^^^^^^^^^^^^
  File "C:\Users\ameko\Downloads\newgrad-radar-clean\newgrad-radar-clean\scraper\interview_orchestrator.py", line 569, in _generate_question_hash
    question.get('company_normalized', '').lower(),
    ^^^^^^^^^^^^
AttributeError: 'InterviewQuestion' object has no attribute 'get'
2026-09-12 17:44:21,861 - interview_orchestrator - INFO - Completed github_repos: failed, found=33, new=0, duration=13.6s
2026-09-12 17:44:21,861 - interview_orchestrator - INFO - Orchestrator complete: 0/1 succeeded, 1 failed, 0 skipped, total questions: 0 new, duration: 13.6s
2026-09-12 17:44:28,777 - sources.interview_questions.leetcode_discuss - ERROR - Error fetching topic 6497121: Expecting value: line 1 column 1 (char 0)
2026-09-12 17:45:18,727 - sources.interview_questions.leetcode_discuss - ERROR - Error fetching topic 6495879: Expecting value: line 1 column 1 (char 0)
2026-09-12 17:45:43,848 - interview_orchestrator - WARNING - careercup timed out, retrying (1/3)
2026-09-12 17:45:43,849 - interview_orchestrator - WARNING - leetcode_discuss timed out, retrying (1/3)
2026-09-12 17:45:44,864 - scraper_monitoring - INFO - Started tracking run leetcode_discuss_1789260344 for leetcode_discuss
2026-09-12 17:45:44,867 - sources.interview_questions.leetcode_discuss - INFO - Scraping LeetCode Discuss (last 12 months)...
2026-09-12 17:45:48,195 - sources.interview_questions.leetcode_discuss - ERROR - Error fetching topic 6495368: Expecting value: line 1 column 1 (char 0)
2026-09-12 17:46:20,593 - sources.interview_questions.leetcode_discuss - ERROR - Error fetching topic 6495142: Expecting value: line 1 column 1 (char 0)
2026-09-12 17:46:47,803 - sources.interview_questions.leetcode_discuss - ERROR - Error fetching topic 6494802: Expecting value: line 1 column 1 (char 0)
2026-09-12 17:47:24,416 - sources.interview_questions.leetcode_discuss - ERROR - Error fetching topic 6494544: Expecting value: line 1 column 1 (char 0)
2026-09-12 17:47:39,162 - sources.interview_questions.leetcode_discuss - ERROR - Error fetching topic 6498584: Expecting value: line 1 column 1 (char 0)
2026-09-12 17:47:48,582 - sources.interview_questions.leetcode_discuss - ERROR - Error fetching topic 6493771: Expecting value: line 1 column 1 (char 0)
2026-09-12 17:48:09,761 - sources.interview_questions.leetcode_discuss - ERROR - Error fetching topic 6497498: Expecting value: line 1 column 1 (char 0)
2026-09-12 17:48:43,584 - sources.interview_questions.leetcode_discuss - ERROR - Error fetching topic 6497121: Expecting value: line 1 column 1 (char 0)
2026-09-12 17:48:50,208 - sources.interview_questions.leetcode_discuss - ERROR - Error fetching topic 6493388: Expecting value: line 1 column 1 (char 0)
2026-09-12 17:49:21,203 - sources.interview_questions.leetcode_discuss - ERROR - Error fetching topic 6495879: Expecting value: line 1 column 1 (char 0)
2026-09-12 17:49:27,608 - sources.interview_questions.leetcode_discuss - ERROR - Error fetching topic 6493240: Expecting value: line 1 column 1 (char 0)
2026-09-12 17:49:45,101 - sources.interview_questions.leetcode_discuss - ERROR - Error fetching topic 6495368: Expecting value: line 1 column 1 (char 0)
2026-09-12 17:49:56,659 - sources.interview_questions.leetcode_discuss - ERROR - Error fetching topic 6492646: Expecting value: line 1 column 1 (char 0)
2026-09-12 17:50:12,154 - sources.interview_questions.leetcode_discuss - ERROR - Error fetching topic 6495142: Expecting value: line 1 column 1 (char 0)
2026-09-12 17:50:24,097 - sources.interview_questions.careercup - INFO - CareerCup scrape complete: 0 questions found
2026-09-12 17:50:33,117 - sources.interview_questions.leetcode_discuss - ERROR - Error fetching topic 6492203: Expecting value: line 1 column 1 (char 0)
2026-09-12 17:50:44,848 - interview_orchestrator - WARNING - careercup timed out, retrying (2/3)
2026-09-12 17:50:44,849 - interview_orchestrator - WARNING - leetcode_discuss timed out, retrying (2/3)
2026-09-12 17:50:46,865 - scraper_monitoring - INFO - Started tracking run leetcode_discuss_1789260646 for leetcode_discuss
2026-09-12 17:50:46,867 - sources.interview_questions.leetcode_discuss - INFO - Scraping LeetCode Discuss (last 12 months)...
2026-09-12 17:51:00,420 - sources.interview_questions.leetcode_discuss - ERROR - Error fetching topic 6492160: Expecting value: line 1 column 1 (char 0)
2026-09-12 17:51:02,673 - sources.interview_questions.leetcode_discuss - INFO - LeetCode scrape complete: 0 valid, 0 invalid, 16 fetched
2026-09-12 17:51:02,692 - scraper_monitoring - INFO - Finished run leetcode_discuss_1789260344: success=True, questions=16, duration=317.8s
2026-09-12 17:51:07,770 - sources.interview_questions.leetcode_discuss - ERROR - Error fetching topic 6498584: Expecting value: line 1 column 1 (char 0)
2026-09-12 17:51:24,295 - sources.interview_questions.leetcode_discuss - ERROR - Error fetching topic 6492044: Expecting value: line 1 column 1 (char 0)
2026-09-12 17:51:37,415 - sources.interview_questions.leetcode_discuss - ERROR - Error fetching topic 6497498: Expecting value: line 1 column 1 (char 0)
2026-09-12 17:51:52,552 - interview_orchestrator - INFO - Starting orchestrator run: interview_scrape_20260913_005152
2026-09-12 17:51:52,552 - interview_orchestrator - INFO - Date range: 2026-03-17 to 2026-09-13
2026-09-12 17:51:52,552 - interview_orchestrator - INFO - Max concurrency: 5, Incremental: False
2026-09-12 17:51:52,555 - interview_orchestrator - INFO - Running 1 scrapers
2026-09-12 17:51:52,555 - interview_orchestrator - INFO - Running priority 2 scrapers: ['github_repos']
2026-09-12 17:51:52,555 - interview_orchestrator - INFO - Starting scraper: github_repos
2026-09-12 17:52:05,890 - interview_orchestrator - INFO - github_repos: Found 33, unique 33, duplicates 0
2026-09-12 17:52:05,891 - interview_orchestrator - INFO - Completed github_repos: completed, found=33, new=33, duration=13.3s
2026-09-12 17:52:05,893 - interview_orchestrator - INFO - Orchestrator complete: 1/1 succeeded, 0 failed, 0 skipped, total questions: 33 new, duration: 13.3s
2026-09-12 17:52:23,001 - interview_orchestrator - INFO - Starting orchestrator run: interview_scrape_20260913_005223
2026-09-12 17:52:23,001 - interview_orchestrator - INFO - Date range: 2026-03-17 to 2026-09-13
2026-09-12 17:52:23,001 - interview_orchestrator - INFO - Max concurrency: 5, Incremental: False
2026-09-12 17:52:24,470 - sources.interview_questions.leetcode_discuss - ERROR - Error fetching topic 6491881: Expecting value: line 1 column 1 (char 0)
2026-09-12 17:52:24,898 - httpx - INFO - HTTP Request: GET https://jmrbyubrrpxxvotsljms.supabase.co/rest/v1/interview_questions?select=id "HTTP/2 200 OK"
2026-09-12 17:52:24,903 - interview_orchestrator - INFO - Loaded 21 existing question hashes
2026-09-12 17:52:24,903 - interview_orchestrator - INFO - Running 1 scrapers
2026-09-12 17:52:24,903 - interview_orchestrator - INFO - Running priority 2 scrapers: ['github_repos']
2026-09-12 17:52:24,904 - interview_orchestrator - INFO - Starting scraper: github_repos
2026-09-12 17:52:25,151 - httpx - INFO - HTTP Request: GET https://jmrbyubrrpxxvotsljms.supabase.co/rest/v1/interview_sources?select=last_scraped&source_name=eq.github_repos "HTTP/2 404 Not Found"
2026-09-12 17:52:25,151 - interview_orchestrator - WARNING - Could not check last run for github_repos: {'message': "Could not find the table 'public.interview_sources' in the schema cache", 'code': 'PGRST205', 'hint': "Perhaps you meant the table 'public.interview_questions'", 'details': None}
2026-09-12 17:52:32,142 - sources.interview_questions.leetcode_discuss - ERROR - Error fetching topic 6495879: Expecting value: line 1 column 1 (char 0)
2026-09-12 17:52:35,520 - interview_orchestrator - INFO - github_repos: Found 33, unique 33, duplicates 0
2026-09-12 17:52:37,495 - httpx - INFO - HTTP Request: GET https://jmrbyubrrpxxvotsljms.supabase.co/rest/v1/interview_questions?select=content_hash&content_hash=not.is.null "HTTP/2 400 Bad Request"
2026-09-12 17:52:37,495 - db_optimizer - WARNING - Could not load hash cache: {'message': 'column interview_questions.content_hash does not exist', 'code': '42703', 'hint': None, 'details': None}
2026-09-12 17:52:37,495 - db_optimizer - INFO - Deduplication: 33 -> 33 (0 duplicates)
2026-09-12 17:52:38,010 - httpx - INFO - HTTP Request: POST https://jmrbyubrrpxxvotsljms.supabase.co/rest/v1/interview_questions?columns=%22team%22%2C%22upvotes%22%2C%22company_slug%22%2C%22interview_round%22%2C%22scraped_at%22%2C%22source_url%22%2C%22question_title%22%2C%22position%22%2C%22raw_metadata%22%2C%22created_at%22%2C%22interview_year%22%2C%22question_type%22%2C%22interview_month%22%2C%22position_level%22%2C%22is_verified%22%2C%22updated_at%22%2C%22interview_date%22%2C%22language%22%2C%22company_name%22%2C%22confidence_score%22%2C%22content_hash%22%2C%22difficulty%22%2C%22question_text%22%2C%22source_name%22%2C%22answer_text%22%2C%22answer_approach%22%2C%22source_post_id%22%2C%22region%22%2C%22is_duplicate%22 "HTTP/2 400 Bad Request"
2026-09-12 17:52:39,582 - httpx - INFO - HTTP Request: POST https://jmrbyubrrpxxvotsljms.supabase.co/rest/v1/interview_questions?columns=%22team%22%2C%22upvotes%22%2C%22company_slug%22%2C%22interview_round%22%2C%22scraped_at%22%2C%22source_url%22%2C%22question_title%22%2C%22position%22%2C%22raw_metadata%22%2C%22created_at%22%2C%22interview_year%22%2C%22question_type%22%2C%22interview_month%22%2C%22position_level%22%2C%22is_verified%22%2C%22updated_at%22%2C%22interview_date%22%2C%22language%22%2C%22company_name%22%2C%22confidence_score%22%2C%22content_hash%22%2C%22difficulty%22%2C%22question_text%22%2C%22source_name%22%2C%22answer_text%22%2C%22answer_approach%22%2C%22source_post_id%22%2C%22region%22%2C%22is_duplicate%22 "HTTP/2 400 Bad Request"
2026-09-12 17:52:42,169 - httpx - INFO - HTTP Request: POST https://jmrbyubrrpxxvotsljms.supabase.co/rest/v1/interview_questions?columns=%22team%22%2C%22upvotes%22%2C%22company_slug%22%2C%22interview_round%22%2C%22scraped_at%22%2C%22source_url%22%2C%22question_title%22%2C%22position%22%2C%22raw_metadata%22%2C%22created_at%22%2C%22interview_year%22%2C%22question_type%22%2C%22interview_month%22%2C%22position_level%22%2C%22is_verified%22%2C%22updated_at%22%2C%22interview_date%22%2C%22language%22%2C%22company_name%22%2C%22confidence_score%22%2C%22content_hash%22%2C%22difficulty%22%2C%22question_text%22%2C%22source_name%22%2C%22answer_text%22%2C%22answer_approach%22%2C%22source_post_id%22%2C%22region%22%2C%22is_duplicate%22 "HTTP/2 400 Bad Request"
2026-09-12 17:52:42,170 - interview_orchestrator - WARNING - Insert error: Attempt 1: {'message': "Could not find the 'answer_approach' column of 'interview_questions' in the schema cache", 'code': 'PGRST204', 'hint': None, 'details': None}
2026-09-12 17:52:42,170 - interview_orchestrator - WARNING - Insert error: Attempt 2: {'message': "Could not find the 'answer_approach' column of 'interview_questions' in the schema cache", 'code': 'PGRST204', 'hint': None, 'details': None}
2026-09-12 17:52:42,170 - interview_orchestrator - WARNING - Insert error: Attempt 3: {'message': "Could not find the 'answer_approach' column of 'interview_questions' in the schema cache", 'code': 'PGRST204', 'hint': None, 'details': None}
2026-09-12 17:52:42,170 - interview_orchestrator - INFO - Saved 0 new, 0 updated questions (0 skipped) in 4674ms
2026-09-12 17:52:42,292 - httpx - INFO - HTTP Request: POST https://jmrbyubrrpxxvotsljms.supabase.co/rest/v1/interview_sources?on_conflict=source_name "HTTP/2 404 Not Found"
2026-09-12 17:52:42,295 - interview_orchestrator - ERROR - Failed to update timestamp for github_repos: {'message': "Could not find the table 'public.interview_sources' in the schema cache", 'code': 'PGRST205', 'hint': "Perhaps you meant the table 'public.interview_questions'", 'details': None}
2026-09-12 17:52:42,297 - interview_orchestrator - INFO - Completed github_repos: completed, found=33, new=0, duration=17.4s
2026-09-12 17:52:42,298 - interview_orchestrator - INFO - Orchestrator complete: 1/1 succeeded, 0 failed, 0 skipped, total questions: 0 new, duration: 19.3s
2026-09-12 17:52:49,458 - sources.interview_questions.careercup - INFO - CareerCup scrape complete: 0 questions found
2026-09-12 17:52:59,723 - sources.interview_questions.leetcode_discuss - ERROR - Error fetching topic 6491846: Expecting value: line 1 column 1 (char 0)
2026-09-12 17:53:03,879 - sources.interview_questions.leetcode_discuss - INFO - LeetCode scrape complete: 0 valid, 0 invalid, 13 fetched
2026-09-12 17:53:03,898 - scraper_monitoring - INFO - Finished run leetcode_discuss_1789260646: success=True, questions=13, duration=137.0s
2026-09-12 17:53:03,899 - interview_orchestrator - INFO - leetcode_discuss: Found 0, unique 0, duplicates 0
2026-09-12 17:53:28,336 - sources.interview_questions.leetcode_discuss - ERROR - Error fetching topic 6491219: Expecting value: line 1 column 1 (char 0)
2026-09-12 17:53:47,119 - interview_orchestrator - INFO - Starting orchestrator run: interview_scrape_20260913_005347
2026-09-12 17:53:47,120 - interview_orchestrator - INFO - Date range: 2026-03-17 to 2026-09-13
2026-09-12 17:53:47,120 - interview_orchestrator - INFO - Max concurrency: 5, Incremental: False
2026-09-12 17:53:48,036 - httpx - INFO - HTTP Request: GET https://jmrbyubrrpxxvotsljms.supabase.co/rest/v1/interview_questions?select=id "HTTP/2 200 OK"
2026-09-12 17:53:48,039 - interview_orchestrator - INFO - Loaded 21 existing question hashes
2026-09-12 17:53:48,039 - interview_orchestrator - INFO - Running 1 scrapers
2026-09-12 17:53:48,039 - interview_orchestrator - INFO - Running priority 2 scrapers: ['github_repos']
2026-09-12 17:53:48,040 - interview_orchestrator - INFO - Starting scraper: github_repos
2026-09-12 17:53:48,134 - httpx - INFO - HTTP Request: GET https://jmrbyubrrpxxvotsljms.supabase.co/rest/v1/interview_sources?select=last_scraped&source_name=eq.github_repos "HTTP/2 404 Not Found"
2026-09-12 17:53:48,136 - interview_orchestrator - WARNING - Could not check last run for github_repos: {'message': "Could not find the table 'public.interview_sources' in the schema cache", 'code': 'PGRST205', 'hint': "Perhaps you meant the table 'public.interview_questions'", 'details': None}
2026-09-12 17:54:02,203 - sources.interview_questions.leetcode_discuss - ERROR - Error fetching topic 6490441: Expecting value: line 1 column 1 (char 0)
2026-09-12 17:54:02,456 - interview_orchestrator - INFO - github_repos: Found 33, unique 33, duplicates 0
2026-09-12 17:54:05,236 - httpx - INFO - HTTP Request: GET https://jmrbyubrrpxxvotsljms.supabase.co/rest/v1/interview_questions?select=company_name%2Cquestion_text%2Csource_name%2Cid&order=id.asc&offset=0&limit=1000 "HTTP/2 200 OK"
2026-09-12 17:54:05,241 - db_optimizer - INFO - Loaded 21 content hashes
2026-09-12 17:54:05,241 - db_optimizer - INFO - Deduplication: 33 -> 33 (0 duplicates)
2026-09-12 17:54:05,903 - httpx - INFO - HTTP Request: POST https://jmrbyubrrpxxvotsljms.supabase.co/rest/v1/interview_questions?columns=%22difficulty%22%2C%22question_type%22%2C%22position_level%22%2C%22company_slug%22%2C%22interview_round%22%2C%22company_name%22%2C%22upvotes%22%2C%22created_at%22%2C%22is_duplicate%22%2C%22source_name%22%2C%22question_text%22%2C%22position%22%2C%22interview_date%22%2C%22source_url%22%2C%22question_title%22%2C%22scraped_at%22%2C%22is_verified%22 "HTTP/2 201 Created"
2026-09-12 17:54:05,906 - interview_orchestrator - INFO - Saved 33 new, 0 updated questions (0 skipped) in 665ms
2026-09-12 17:54:06,068 - httpx - INFO - HTTP Request: POST https://jmrbyubrrpxxvotsljms.supabase.co/rest/v1/interview_sources?on_conflict=source_name "HTTP/2 404 Not Found"
2026-09-12 17:54:06,069 - interview_orchestrator - ERROR - Failed to update timestamp for github_repos: {'message': "Could not find the table 'public.interview_sources' in the schema cache", 'code': 'PGRST205', 'hint': "Perhaps you meant the table 'public.interview_questions'", 'details': None}
2026-09-12 17:54:06,072 - interview_orchestrator - INFO - Completed github_repos: completed, found=33, new=33, duration=18.0s
2026-09-12 17:54:06,074 - interview_orchestrator - INFO - Orchestrator complete: 1/1 succeeded, 0 failed, 0 skipped, total questions: 33 new, duration: 19.0s
2026-09-12 17:54:38,199 - sources.interview_questions.leetcode_discuss - ERROR - Error fetching topic 6489843: Expecting value: line 1 column 1 (char 0)
2026-09-12 17:55:12,827 - sources.interview_questions.leetcode_discuss - ERROR - Error fetching topic 6489706: Expecting value: line 1 column 1 (char 0)
2026-09-12 17:55:41,413 - sources.interview_questions.leetcode_discuss - ERROR - Error fetching topic 6489392: Expecting value: line 1 column 1 (char 0)
2026-09-12 17:55:46,858 - interview_orchestrator - INFO - careercup: Found 0, unique 0, duplicates 0
2026-09-12 17:55:46,861 - interview_orchestrator - INFO - Completed github_repos: completed, found=0, new=0, duration=4.1s
2026-09-12 17:55:46,861 - interview_orchestrator - INFO - Completed careercup: completed, found=0, new=0, duration=903.0s
2026-09-12 17:55:46,861 - interview_orchestrator - INFO - Completed leetcode_discuss: completed, found=0, new=0, duration=740.1s
2026-09-12 17:55:46,861 - interview_orchestrator - INFO - Orchestrator complete: 4/4 succeeded, 0 failed, 0 skipped, total questions: 1212 new, duration: 1419.7s
2026-09-12 17:56:00,459 - interview_orchestrator - INFO - Starting orchestrator run: interview_scrape_20260913_005600
2026-09-12 17:56:00,459 - interview_orchestrator - INFO - Date range: 2026-03-17 to 2026-09-13
2026-09-12 17:56:00,459 - interview_orchestrator - INFO - Max concurrency: 5, Incremental: False
2026-09-12 17:56:01,705 - httpx - INFO - HTTP Request: GET https://jmrbyubrrpxxvotsljms.supabase.co/rest/v1/interview_questions?select=id "HTTP/2 200 OK"
2026-09-12 17:56:01,709 - interview_orchestrator - INFO - Loaded 54 existing question hashes
2026-09-12 17:56:01,709 - interview_orchestrator - INFO - Running 1 scrapers
2026-09-12 17:56:01,709 - interview_orchestrator - INFO - Running priority 2 scrapers: ['github_repos']
2026-09-12 17:56:01,709 - interview_orchestrator - INFO - Starting scraper: github_repos
2026-09-12 17:56:01,939 - httpx - INFO - HTTP Request: GET https://jmrbyubrrpxxvotsljms.supabase.co/rest/v1/interview_sources?select=last_scraped&source_name=eq.github_repos "HTTP/2 406 Not Acceptable"
2026-09-12 17:56:01,945 - interview_orchestrator - WARNING - Could not check last run for github_repos: {'message': 'Cannot coerce the result to a single JSON object', 'code': 'PGRST116', 'hint': None, 'details': 'The result contains 0 rows'}
2026-09-12 17:56:13,074 - interview_orchestrator - INFO - github_repos: Found 33, unique 33, duplicates 0
2026-09-12 17:56:15,122 - httpx - INFO - HTTP Request: GET https://jmrbyubrrpxxvotsljms.supabase.co/rest/v1/interview_questions?select=company_name%2Cquestion_text%2Csource_name%2Cid&order=id.asc&offset=0&limit=1000 "HTTP/2 200 OK"
2026-09-12 17:56:15,124 - db_optimizer - INFO - Loaded 54 content hashes
2026-09-12 17:56:15,124 - db_optimizer - INFO - Deduplication: 33 -> 9 (24 duplicates)
2026-09-12 17:56:15,571 - httpx - INFO - HTTP Request: POST https://jmrbyubrrpxxvotsljms.supabase.co/rest/v1/interview_questions?columns=%22company_slug%22%2C%22difficulty%22%2C%22position_level%22%2C%22company_name%22%2C%22upvotes%22%2C%22is_duplicate%22%2C%22question_title%22%2C%22interview_date%22%2C%22created_at%22%2C%22source_url%22%2C%22interview_round%22%2C%22scraped_at%22%2C%22source_name%22%2C%22question_text%22%2C%22position%22%2C%22question_type%22%2C%22is_verified%22 "HTTP/2 201 Created"
2026-09-12 17:56:15,573 - interview_orchestrator - INFO - Saved 9 new, 0 updated questions (0 skipped) in 448ms
2026-09-12 17:56:15,704 - httpx - INFO - HTTP Request: POST https://jmrbyubrrpxxvotsljms.supabase.co/rest/v1/interview_sources?on_conflict=source_name "HTTP/2 201 Created"
2026-09-12 17:56:15,704 - interview_orchestrator - INFO - Completed github_repos: completed, found=33, new=9, duration=14.0s
2026-09-12 17:56:15,707 - interview_orchestrator - INFO - Orchestrator complete: 1/1 succeeded, 0 failed, 0 skipped, total questions: 9 new, duration: 15.2s
2026-09-12 17:57:03,030 - sources.interview_questions.leetcode_discuss - ERROR - Error fetching topic 6489129: Expecting value: line 1 column 1 (char 0)
2026-09-12 17:57:27,487 - sources.interview_questions.leetcode_discuss - ERROR - Error fetching topic 6487244: Expecting value: line 1 column 1 (char 0)
2026-09-12 17:57:59,657 - sources.interview_questions.leetcode_discuss - ERROR - Error fetching topic 6487018: Expecting value: line 1 column 1 (char 0)
2026-09-12 17:58:24,309 - sources.interview_questions.leetcode_discuss - ERROR - Error fetching topic 6486748: Expecting value: line 1 column 1 (char 0)
2026-09-12 17:58:59,583 - sources.interview_questions.leetcode_discuss - ERROR - Error fetching topic 6486454: Expecting value: line 1 column 1 (char 0)
2026-09-12 17:59:25,860 - sources.interview_questions.leetcode_discuss - INFO - LeetCode scrape complete: 0 valid, 0 invalid, 40 fetched
2026-09-12 17:59:25,883 - scraper_monitoring - INFO - Finished run leetcode_discuss_1789260043: success=True, questions=40, duration=1122.0s
2026-09-12 18:00:02,410 - sources.interview_questions.careercup - INFO - CareerCup scrape complete: 0 questions found
2026-09-12 19:41:07,306 - interview_orchestrator - INFO - Starting orchestrator run: interview_scrape_20260913_024107
2026-09-12 19:41:07,306 - interview_orchestrator - INFO - Date range: 2026-03-17 to 2026-09-13
2026-09-12 19:41:07,307 - interview_orchestrator - INFO - Max concurrency: 5, Incremental: False
2026-09-12 19:41:07,307 - interview_orchestrator - INFO - Running 1 scrapers
2026-09-12 19:41:07,307 - interview_orchestrator - INFO - Running priority 2 scrapers: ['github_repos']
2026-09-12 19:41:07,307 - interview_orchestrator - INFO - Starting scraper: github_repos
2026-09-12 19:41:22,554 - interview_orchestrator - INFO - github_repos: Found 33, unique 33, duplicates 0
2026-09-12 19:41:22,554 - interview_orchestrator - INFO - Completed github_repos: completed, found=33, new=33, duration=15.2s
2026-09-12 19:41:22,554 - interview_orchestrator - INFO - Orchestrator complete: 1/1 succeeded, 0 failed, 0 skipped, total questions: 33 new, duration: 15.2s
2026-09-12 19:41:58,005 - interview_orchestrator - INFO - Starting orchestrator run: interview_scrape_20260913_024158
2026-09-12 19:41:58,005 - interview_orchestrator - INFO - Date range: 2026-03-17 to 2026-09-13
2026-09-12 19:41:58,005 - interview_orchestrator - INFO - Max concurrency: 5, Incremental: False
2026-09-12 19:41:59,728 - httpx - INFO - HTTP Request: GET https://jmrbyubrrpxxvotsljms.supabase.co/rest/v1/interview_questions?select=id "HTTP/2 200 OK"
2026-09-12 19:41:59,735 - interview_orchestrator - INFO - Loaded 63 existing question hashes
2026-09-12 19:41:59,735 - interview_orchestrator - INFO - Running 1 scrapers
2026-09-12 19:41:59,735 - interview_orchestrator - INFO - Running priority 2 scrapers: ['github_repos']
2026-09-12 19:41:59,738 - interview_orchestrator - INFO - Starting scraper: github_repos
2026-09-12 19:42:00,034 - httpx - INFO - HTTP Request: GET https://jmrbyubrrpxxvotsljms.supabase.co/rest/v1/interview_sources?select=last_scraped&source_name=eq.github_repos "HTTP/2 200 OK"
2026-09-12 19:42:00,038 - interview_orchestrator - INFO - Skipping github_repos (already ran recently)
2026-09-12 19:42:00,038 - interview_orchestrator - INFO - Completed github_repos: skipped, found=0, new=0, duration=0.0s
2026-09-12 19:42:00,040 - interview_orchestrator - INFO - Orchestrator complete: 0/1 succeeded, 0 failed, 1 skipped, total questions: 0 new, duration: 2.0s
2026-09-12 20:06:26,606 - sources.interview_questions.careercup - INFO - CareerCup scrape complete: 0 questions found
2026-09-12 20:06:26,687 - scraper_monitoring - INFO - Started tracking run leetcode_discuss_1789268786 for leetcode_discuss
2026-09-12 20:06:26,689 - sources.interview_questions.leetcode_discuss - INFO - Scraping LeetCode Discuss (last 12 months)...
2026-09-12 20:06:30,584 - sources.interview_questions.leetcode_discuss - ERROR - Error fetching topic 6498584: Expecting value: line 1 column 1 (char 0)
2026-09-12 20:06:39,849 - sources.interview_questions.leetcode_discuss - ERROR - Error fetching topic 6497498: Expecting value: line 1 column 1 (char 0)
2026-09-12 20:07:13,273 - sources.interview_questions.leetcode_discuss - INFO - LeetCode scrape complete: 0 valid, 0 invalid, 12 fetched
2026-09-12 20:07:13,286 - scraper_monitoring - INFO - Finished run leetcode_discuss_1789268786: success=True, questions=12, duration=46.6s
2026-09-12 20:08:31,192 - sources.interview_questions.takeuforward - ERROR - Error fetching https://takeuforward.org/strivers-sde-sheet-top-coding-interview-problems/: 404 Client Error: Not Found for url: https://takeuforward.org/strivers-sde-sheet-top-coding-interview-problems
2026-09-12 20:08:34,762 - sources.interview_questions.takeuforward - ERROR - Error fetching https://takeuforward.org/strivers-a2z-dsa-course-sheet-2/: 404 Client Error: Not Found for url: https://takeuforward.org/strivers-a2z-dsa-course-sheet-2
2026-09-12 20:08:38,126 - sources.interview_questions.takeuforward - ERROR - Error fetching https://takeuforward.org/strivers-79-last-moment-dsa-sheet-ace-interviews/: 404 Client Error: Not Found for url: https://takeuforward.org/strivers-79-last-moment-dsa-sheet-ace-interviews
2026-09-12 20:08:38,128 - sources.interview_questions.takeuforward - INFO - Total unique problems: 0
2026-09-12 20:08:38,142 - sources.interview_questions.codestudio - INFO - Scraping CodeStudio for 50 companies...
2026-09-12 20:14:29,729 - interview_orchestrator - INFO - Starting orchestrator run: interview_scrape_20260913_031429
2026-09-12 20:14:29,730 - interview_orchestrator - INFO - Date range: 2025-09-18 to 2026-09-13
2026-09-12 20:14:29,730 - interview_orchestrator - INFO - Max concurrency: 5, Incremental: False
2026-09-12 20:14:31,137 - httpx - INFO - HTTP Request: GET https://jmrbyubrrpxxvotsljms.supabase.co/rest/v1/interview_questions?select=id "HTTP/2 200 OK"
2026-09-12 20:14:31,139 - interview_orchestrator - INFO - Loaded 63 existing question hashes
2026-09-12 20:14:31,139 - interview_orchestrator - INFO - Running 1 scrapers
2026-09-12 20:14:31,139 - interview_orchestrator - INFO - Running priority 2 scrapers: ['github_repos']
2026-09-12 20:14:31,139 - interview_orchestrator - INFO - Starting scraper: github_repos
2026-09-12 20:14:31,381 - httpx - INFO - HTTP Request: GET https://jmrbyubrrpxxvotsljms.supabase.co/rest/v1/interview_sources?select=last_scraped&source_name=eq.github_repos "HTTP/2 200 OK"
2026-09-12 20:14:31,384 - interview_orchestrator - INFO - Skipping github_repos (already ran recently)
2026-09-12 20:14:31,384 - interview_orchestrator - INFO - Completed github_repos: skipped, found=0, new=0, duration=0.0s
2026-09-12 20:14:31,386 - interview_orchestrator - INFO - Orchestrator complete: 0/1 succeeded, 0 failed, 1 skipped, total questions: 0 new, duration: 1.7s
2026-09-12 20:15:41,518 - interview_orchestrator - INFO - Starting orchestrator run: interview_scrape_20260913_031541
2026-09-12 20:15:41,518 - interview_orchestrator - INFO - Date range: 2025-09-18 to 2026-09-13
2026-09-12 20:15:41,518 - interview_orchestrator - INFO - Max concurrency: 5, Incremental: False
2026-09-12 20:16:03,797 - interview_orchestrator - WARNING - Could not load existing hashes: [WinError 10054] An existing connection was forcibly closed by the remote host
2026-09-12 20:16:03,797 - interview_orchestrator - INFO - Running 1 scrapers
2026-09-12 20:16:03,797 - interview_orchestrator - INFO - Running priority 2 scrapers: ['github_repos']
2026-09-12 20:16:03,799 - interview_orchestrator - INFO - Starting scraper: github_repos
2026-09-12 20:16:04,227 - httpx - INFO - HTTP Request: GET https://jmrbyubrrpxxvotsljms.supabase.co/rest/v1/interview_sources?select=last_scraped&source_name=eq.github_repos "HTTP/2 406 Not Acceptable"
2026-09-12 20:16:04,229 - interview_orchestrator - WARNING - Could not check last run for github_repos: {'message': 'Cannot coerce the result to a single JSON object', 'code': 'PGRST116', 'hint': None, 'details': 'The result contains 0 rows'}
2026-09-12 20:17:42,702 - sources.interview_questions.codestudio - INFO - Scraped 0 questions from CodeStudio
2026-09-12 20:17:42,711 - scraper_monitoring - INFO - Started tracking run quant_finance_1789269462 for quant_finance
2026-09-12 20:17:42,712 - sources.interview_questions.quant_finance - INFO - [quant_finance] StealthSession initialized
2026-09-12 20:17:42,719 - sources.interview_questions.quant_finance - INFO - [quant_finance] ResponseCache initialized
2026-09-12 20:17:42,721 - sources.interview_questions.quant_finance - INFO - [quant_finance] CheckpointManager initialized
2026-09-12 20:17:42,722 - sources.interview_questions.quant_finance - INFO - [quant_finance] ValidationPipeline initialized
2026-09-12 20:17:42,723 - sources.interview_questions.quant_finance - INFO - [quant_finance] ReliabilityEngine initialized
2026-09-12 20:17:54,538 - scraper_monitoring - INFO - Finished run quant_finance_1789269462: success=True, questions=0, duration=11.8s
2026-09-12 20:19:43,775 - interview_orchestrator - INFO - github_repos: Found 1236, unique 1236, duplicates 0
2026-09-12 20:19:47,766 - httpx - INFO - HTTP Request: GET https://jmrbyubrrpxxvotsljms.supabase.co/rest/v1/interview_questions?select=company_name%2Cquestion_text%2Csource_name%2Cid&order=id.asc&offset=0&limit=1000 "HTTP/2 200 OK"
2026-09-12 20:19:47,775 - db_optimizer - INFO - Loaded 63 content hashes
2026-09-12 20:19:47,797 - db_optimizer - INFO - Deduplication: 1236 -> 1208 (28 duplicates)
2026-09-12 20:19:48,997 - httpx - INFO - HTTP Request: POST https://jmrbyubrrpxxvotsljms.supabase.co/rest/v1/interview_questions?columns=%22position%22%2C%22is_duplicate%22%2C%22source_name%22%2C%22question_type%22%2C%22upvotes%22%2C%22company_name%22%2C%22position_level%22%2C%22company_slug%22%2C%22question_title%22%2C%22question_text%22%2C%22difficulty%22%2C%22interview_round%22%2C%22source_url%22%2C%22interview_date%22%2C%22scraped_at%22%2C%22is_verified%22%2C%22created_at%22 "HTTP/2 201 Created"
2026-09-12 20:19:49,071 - httpx - INFO - HTTP Request: POST https://jmrbyubrrpxxvotsljms.supabase.co/rest/v1/interview_questions?columns=%22position%22%2C%22is_duplicate%22%2C%22source_name%22%2C%22question_type%22%2C%22upvotes%22%2C%22company_name%22%2C%22position_level%22%2C%22company_slug%22%2C%22question_title%22%2C%22question_text%22%2C%22difficulty%22%2C%22interview_round%22%2C%22source_url%22%2C%22interview_date%22%2C%22scraped_at%22%2C%22is_verified%22%2C%22created_at%22 "HTTP/2 201 Created"
2026-09-12 20:19:49,121 - httpx - INFO - HTTP Request: POST https://jmrbyubrrpxxvotsljms.supabase.co/rest/v1/interview_questions?columns=%22position%22%2C%22is_duplicate%22%2C%22source_name%22%2C%22question_type%22%2C%22upvotes%22%2C%22company_name%22%2C%22position_level%22%2C%22company_slug%22%2C%22question_title%22%2C%22question_text%22%2C%22difficulty%22%2C%22interview_round%22%2C%22source_url%22%2C%22interview_date%22%2C%22scraped_at%22%2C%22is_verified%22%2C%22created_at%22 "HTTP/2 201 Created"
2026-09-12 20:19:49,211 - httpx - INFO - HTTP Request: POST https://jmrbyubrrpxxvotsljms.supabase.co/rest/v1/interview_questions?columns=%22position%22%2C%22is_duplicate%22%2C%22source_name%22%2C%22question_type%22%2C%22upvotes%22%2C%22company_name%22%2C%22position_level%22%2C%22company_slug%22%2C%22question_title%22%2C%22question_text%22%2C%22difficulty%22%2C%22interview_round%22%2C%22source_url%22%2C%22interview_date%22%2C%22scraped_at%22%2C%22is_verified%22%2C%22created_at%22 "HTTP/2 201 Created"
2026-09-12 20:19:49,270 - httpx - INFO - HTTP Request: POST https://jmrbyubrrpxxvotsljms.supabase.co/rest/v1/interview_questions?columns=%22position%22%2C%22is_duplicate%22%2C%22source_name%22%2C%22question_type%22%2C%22upvotes%22%2C%22company_name%22%2C%22position_level%22%2C%22company_slug%22%2C%22question_title%22%2C%22question_text%22%2C%22difficulty%22%2C%22interview_round%22%2C%22source_url%22%2C%22interview_date%22%2C%22scraped_at%22%2C%22is_verified%22%2C%22created_at%22 "HTTP/2 201 Created"
2026-09-12 20:19:49,410 - httpx - INFO - HTTP Request: POST https://jmrbyubrrpxxvotsljms.supabase.co/rest/v1/interview_questions?columns=%22position%22%2C%22is_duplicate%22%2C%22source_name%22%2C%22question_type%22%2C%22upvotes%22%2C%22company_name%22%2C%22position_level%22%2C%22company_slug%22%2C%22question_title%22%2C%22question_text%22%2C%22difficulty%22%2C%22interview_round%22%2C%22source_url%22%2C%22interview_date%22%2C%22scraped_at%22%2C%22is_verified%22%2C%22created_at%22 "HTTP/2 201 Created"
2026-09-12 20:19:49,549 - httpx - INFO - HTTP Request: POST https://jmrbyubrrpxxvotsljms.supabase.co/rest/v1/interview_questions?columns=%22position%22%2C%22is_duplicate%22%2C%22source_name%22%2C%22question_type%22%2C%22upvotes%22%2C%22company_name%22%2C%22position_level%22%2C%22company_slug%22%2C%22question_title%22%2C%22question_text%22%2C%22difficulty%22%2C%22interview_round%22%2C%22source_url%22%2C%22interview_date%22%2C%22scraped_at%22%2C%22is_verified%22%2C%22created_at%22 "HTTP/2 201 Created"
2026-09-12 20:19:49,637 - httpx - INFO - HTTP Request: POST https://jmrbyubrrpxxvotsljms.supabase.co/rest/v1/interview_questions?columns=%22position%22%2C%22is_duplicate%22%2C%22source_name%22%2C%22question_type%22%2C%22upvotes%22%2C%22company_name%22%2C%22position_level%22%2C%22company_slug%22%2C%22question_title%22%2C%22question_text%22%2C%22difficulty%22%2C%22interview_round%22%2C%22source_url%22%2C%22interview_date%22%2C%22scraped_at%22%2C%22is_verified%22%2C%22created_at%22 "HTTP/2 201 Created"
2026-09-12 20:19:49,671 - httpx - INFO - HTTP Request: POST https://jmrbyubrrpxxvotsljms.supabase.co/rest/v1/interview_questions?columns=%22position%22%2C%22is_duplicate%22%2C%22source_name%22%2C%22question_type%22%2C%22upvotes%22%2C%22company_name%22%2C%22position_level%22%2C%22company_slug%22%2C%22question_title%22%2C%22question_text%22%2C%22difficulty%22%2C%22interview_round%22%2C%22source_url%22%2C%22interview_date%22%2C%22scraped_at%22%2C%22is_verified%22%2C%22created_at%22 "HTTP/2 201 Created"
2026-09-12 20:19:49,796 - httpx - INFO - HTTP Request: POST https://jmrbyubrrpxxvotsljms.supabase.co/rest/v1/interview_questions?columns=%22position%22%2C%22is_duplicate%22%2C%22source_name%22%2C%22question_type%22%2C%22upvotes%22%2C%22company_name%22%2C%22position_level%22%2C%22company_slug%22%2C%22question_title%22%2C%22question_text%22%2C%22difficulty%22%2C%22interview_round%22%2C%22source_url%22%2C%22interview_date%22%2C%22scraped_at%22%2C%22is_verified%22%2C%22created_at%22 "HTTP/2 201 Created"
2026-09-12 20:19:49,812 - httpx - INFO - HTTP Request: POST https://jmrbyubrrpxxvotsljms.supabase.co/rest/v1/interview_questions?columns=%22position%22%2C%22is_duplicate%22%2C%22source_name%22%2C%22question_type%22%2C%22upvotes%22%2C%22company_name%22%2C%22position_level%22%2C%22company_slug%22%2C%22question_title%22%2C%22question_text%22%2C%22difficulty%22%2C%22interview_round%22%2C%22source_url%22%2C%22interview_date%22%2C%22scraped_at%22%2C%22is_verified%22%2C%22created_at%22 "HTTP/2 201 Created"
2026-09-12 20:19:49,870 - httpx - INFO - HTTP Request: POST https://jmrbyubrrpxxvotsljms.supabase.co/rest/v1/interview_questions?columns=%22position%22%2C%22is_duplicate%22%2C%22source_name%22%2C%22question_type%22%2C%22upvotes%22%2C%22company_name%22%2C%22position_level%22%2C%22company_slug%22%2C%22question_title%22%2C%22question_text%22%2C%22difficulty%22%2C%22interview_round%22%2C%22source_url%22%2C%22interview_date%22%2C%22scraped_at%22%2C%22is_verified%22%2C%22created_at%22 "HTTP/2 201 Created"
2026-09-12 20:19:49,900 - httpx - INFO - HTTP Request: POST https://jmrbyubrrpxxvotsljms.supabase.co/rest/v1/interview_questions?columns=%22position%22%2C%22is_duplicate%22%2C%22source_name%22%2C%22question_type%22%2C%22upvotes%22%2C%22company_name%22%2C%22position_level%22%2C%22company_slug%22%2C%22question_title%22%2C%22question_text%22%2C%22difficulty%22%2C%22interview_round%22%2C%22source_url%22%2C%22interview_date%22%2C%22scraped_at%22%2C%22is_verified%22%2C%22created_at%22 "HTTP/2 201 Created"
2026-09-12 20:19:49,906 - interview_orchestrator - INFO - Saved 1208 new, 0 updated questions (0 skipped) in 2074ms
2026-09-12 20:19:50,101 - httpx - INFO - HTTP Request: POST https://jmrbyubrrpxxvotsljms.supabase.co/rest/v1/interview_sources?on_conflict=source_name "HTTP/2 201 Created"
2026-09-12 20:19:50,106 - interview_orchestrator - INFO - Completed github_repos: completed, found=1236, new=1208, duration=226.3s
2026-09-12 20:19:50,109 - interview_orchestrator - INFO - Orchestrator complete: 1/1 succeeded, 0 failed, 0 skipped, total questions: 1208 new, duration: 248.6s
2026-09-12 20:21:45,653 - interview_orchestrator - INFO - Starting orchestrator run: interview_scrape_20260913_032145
2026-09-12 20:21:45,654 - interview_orchestrator - INFO - Date range: 2025-09-18 to 2026-09-13
2026-09-12 20:21:45,654 - interview_orchestrator - INFO - Max concurrency: 5, Incremental: False
2026-09-12 20:21:46,767 - httpx - INFO - HTTP Request: GET https://jmrbyubrrpxxvotsljms.supabase.co/rest/v1/interview_questions?select=id "HTTP/2 200 OK"
2026-09-12 20:21:46,791 - interview_orchestrator - INFO - Loaded 1000 existing question hashes
2026-09-12 20:21:46,792 - interview_orchestrator - INFO - Running 17 scrapers
2026-09-12 20:21:46,793 - interview_orchestrator - INFO - Running priority 1 scrapers: ['hackernews', 'reddit']
2026-09-12 20:21:46,793 - interview_orchestrator - INFO - Starting scraper: hackernews
2026-09-12 20:21:47,041 - httpx - INFO - HTTP Request: GET https://jmrbyubrrpxxvotsljms.supabase.co/rest/v1/interview_sources?select=last_scraped&source_name=eq.hackernews "HTTP/2 406 Not Acceptable"
2026-09-12 20:21:47,042 - interview_orchestrator - WARNING - Could not check last run for hackernews: {'message': 'Cannot coerce the result to a single JSON object', 'code': 'PGRST116', 'hint': None, 'details': 'The result contains 0 rows'}
2026-09-12 20:21:47,432 - interview_orchestrator - INFO - Starting scraper: reddit
2026-09-12 20:21:47,549 - httpx - INFO - HTTP Request: GET https://jmrbyubrrpxxvotsljms.supabase.co/rest/v1/interview_sources?select=last_scraped&source_name=eq.reddit "HTTP/2 406 Not Acceptable"
2026-09-12 20:21:47,550 - interview_orchestrator - WARNING - Could not check last run for reddit: {'message': 'Cannot coerce the result to a single JSON object', 'code': 'PGRST116', 'hint': None, 'details': 'The result contains 0 rows'}
2026-09-12 20:22:02,330 - interview_orchestrator - INFO - reddit: Found 0, unique 0, duplicates 0
2026-09-12 20:22:02,636 - httpx - INFO - HTTP Request: POST https://jmrbyubrrpxxvotsljms.supabase.co/rest/v1/interview_sources?on_conflict=source_name "HTTP/2 201 Created"
2026-09-12 20:26:47,456 - interview_orchestrator - WARNING - hackernews timed out, retrying (1/3)
2026-09-12 20:31:48,497 - interview_orchestrator - WARNING - hackernews timed out, retrying (2/3)
2026-09-12 20:36:50,546 - interview_orchestrator - INFO - hackernews: Found 0, unique 0, duplicates 0
2026-09-12 20:36:51,207 - httpx - INFO - HTTP Request: POST https://jmrbyubrrpxxvotsljms.supabase.co/rest/v1/interview_sources?on_conflict=source_name "HTTP/2 201 Created"
2026-09-12 20:36:51,338 - interview_orchestrator - INFO - Completed hackernews: completed, found=0, new=0, duration=904.5s
2026-09-12 20:36:51,373 - interview_orchestrator - INFO - Completed reddit: completed, found=0, new=0, duration=15.2s
2026-09-12 20:36:51,388 - interview_orchestrator - INFO - Running priority 2 scrapers: ['github_repos', 'github_gists', 'geeksforgeeks', 'careercup', 'leetcode_discuss']
2026-09-12 20:36:51,419 - interview_orchestrator - INFO - Starting scraper: github_repos
2026-09-12 20:36:51,807 - httpx - INFO - HTTP Request: GET https://jmrbyubrrpxxvotsljms.supabase.co/rest/v1/interview_sources?select=last_scraped&source_name=eq.github_repos "HTTP/2 200 OK"
2026-09-12 20:36:51,856 - interview_orchestrator - INFO - Skipping github_repos (already ran recently)
2026-09-12 20:36:51,862 - interview_orchestrator - INFO - Starting scraper: github_gists
2026-09-12 20:36:52,164 - httpx - INFO - HTTP Request: GET https://jmrbyubrrpxxvotsljms.supabase.co/rest/v1/interview_sources?select=last_scraped&source_name=eq.github_gists "HTTP/2 406 Not Acceptable"
2026-09-12 20:36:52,191 - interview_orchestrator - WARNING - Could not check last run for github_gists: {'message': 'Cannot coerce the result to a single JSON object', 'code': 'PGRST116', 'hint': None, 'details': 'The result contains 0 rows'}
2026-09-12 20:36:52,866 - interview_orchestrator - INFO - Starting scraper: geeksforgeeks
2026-09-12 20:36:52,983 - httpx - INFO - HTTP Request: GET https://jmrbyubrrpxxvotsljms.supabase.co/rest/v1/interview_sources?select=last_scraped&source_name=eq.geeksforgeeks "HTTP/2 406 Not Acceptable"
2026-09-12 20:36:53,097 - interview_orchestrator - WARNING - Could not check last run for geeksforgeeks: {'message': 'Cannot coerce the result to a single JSON object', 'code': 'PGRST116', 'hint': None, 'details': 'The result contains 0 rows'}
2026-09-12 20:36:53,296 - interview_orchestrator - INFO - Starting scraper: careercup
2026-09-12 20:36:53,472 - httpx - INFO - HTTP Request: GET https://jmrbyubrrpxxvotsljms.supabase.co/rest/v1/interview_sources?select=last_scraped&source_name=eq.careercup "HTTP/2 406 Not Acceptable"
2026-09-12 20:36:53,581 - interview_orchestrator - WARNING - Could not check last run for careercup: {'message': 'Cannot coerce the result to a single JSON object', 'code': 'PGRST116', 'hint': None, 'details': 'The result contains 0 rows'}
2026-09-12 20:36:53,738 - scraper_monitoring - INFO - Started tracking run geeksforgeeks_1789270613 for geeksforgeeks
2026-09-12 20:36:53,786 - sources.interview_questions.geeksforgeeks - INFO - Starting GeeksforGeeks scraper (last 5 months)
2026-09-12 20:36:53,924 - interview_orchestrator - INFO - Starting scraper: leetcode_discuss
2026-09-12 20:36:54,072 - httpx - INFO - HTTP Request: GET https://jmrbyubrrpxxvotsljms.supabase.co/rest/v1/interview_sources?select=last_scraped&source_name=eq.leetcode_discuss "HTTP/2 406 Not Acceptable"
2026-09-12 20:36:54,125 - interview_orchestrator - WARNING - Could not check last run for leetcode_discuss: {'message': 'Cannot coerce the result to a single JSON object', 'code': 'PGRST116', 'hint': None, 'details': 'The result contains 0 rows'}
2026-09-12 20:36:54,345 - scraper_monitoring - INFO - Started tracking run leetcode_discuss_1789270614 for leetcode_discuss
2026-09-12 20:36:54,378 - sources.interview_questions.leetcode_discuss - INFO - Scraping LeetCode Discuss (last 12 months)...
2026-09-12 20:37:01,586 - sources.interview_questions.geeksforgeeks - INFO - Validated 0 questions
2026-09-12 20:37:01,859 - scraper_monitoring - INFO - Finished run geeksforgeeks_1789270613: success=True, questions=0, duration=7.9s
2026-09-12 20:37:01,964 - interview_orchestrator - INFO - geeksforgeeks: Found 0, unique 0, duplicates 0
2026-09-12 20:37:02,424 - httpx - INFO - HTTP Request: POST https://jmrbyubrrpxxvotsljms.supabase.co/rest/v1/interview_sources?on_conflict=source_name "HTTP/2 201 Created"
2026-09-12 20:37:05,561 - sources.interview_questions.leetcode_discuss - ERROR - Error fetching topic 6497498: Expecting value: line 1 column 1 (char 0)
2026-09-12 20:37:05,906 - sources.interview_questions.leetcode_discuss - INFO - LeetCode scrape complete: 0 valid, 0 invalid, 11 fetched
2026-09-12 20:37:06,443 - scraper_monitoring - INFO - Finished run leetcode_discuss_1789270614: success=True, questions=11, duration=11.7s
2026-09-12 20:37:06,661 - interview_orchestrator - INFO - leetcode_discuss: Found 0, unique 0, duplicates 0
2026-09-12 20:37:06,996 - httpx - INFO - HTTP Request: POST https://jmrbyubrrpxxvotsljms.supabase.co/rest/v1/interview_sources?on_conflict=source_name "HTTP/2 201 Created"
2026-09-12 20:37:32,893 - interview_orchestrator - INFO - github_gists: Found 2, unique 2, duplicates 0
2026-09-12 20:37:35,963 - httpx - INFO - HTTP Request: GET https://jmrbyubrrpxxvotsljms.supabase.co/rest/v1/interview_questions?select=company_name%2Cquestion_text%2Csource_name%2Cid&order=id.asc&offset=0&limit=1000 "HTTP/2 200 OK"
2026-09-12 20:37:38,298 - httpx - INFO - HTTP Request: GET https://jmrbyubrrpxxvotsljms.supabase.co/rest/v1/interview_questions?select=company_name%2Cquestion_text%2Csource_name%2Cid&order=id.asc&offset=1000&limit=1000 "HTTP/2 200 OK"
2026-09-12 20:37:38,547 - db_optimizer - INFO - Loaded 1271 content hashes
2026-09-12 20:37:38,646 - db_optimizer - INFO - Deduplication: 2 -> 2 (0 duplicates)
2026-09-12 20:37:39,928 - httpx - INFO - HTTP Request: POST https://jmrbyubrrpxxvotsljms.supabase.co/rest/v1/interview_questions?columns=%22difficulty%22%2C%22position_level%22%2C%22question_type%22%2C%22interview_date%22%2C%22is_verified%22%2C%22upvotes%22%2C%22created_at%22%2C%22source_name%22%2C%22position%22%2C%22source_url%22%2C%22company_slug%22%2C%22company_name%22%2C%22question_text%22%2C%22question_title%22%2C%22scraped_at%22%2C%22is_duplicate%22%2C%22interview_round%22 "HTTP/2 201 Created"
2026-09-12 20:37:40,198 - interview_orchestrator - INFO - Saved 2 new, 0 updated questions (0 skipped) in 1469ms
2026-09-12 20:37:40,894 - httpx - INFO - HTTP Request: POST https://jmrbyubrrpxxvotsljms.supabase.co/rest/v1/interview_sources?on_conflict=source_name "HTTP/2 201 Created"
2026-09-12 20:41:53,911 - interview_orchestrator - WARNING - careercup timed out, retrying (1/3)
2026-09-12 20:44:57,741 - sources.interview_questions.careercup - INFO - CareerCup scrape complete: 0 questions found
2026-09-12 20:46:55,046 - interview_orchestrator - WARNING - careercup timed out, retrying (2/3)
2026-09-12 20:49:27,060 - sources.interview_questions.careercup - INFO - CareerCup scrape complete: 0 questions found
2026-09-12 20:51:09,269 - sources.interview_questions.careercup - INFO - CareerCup scrape complete: 0 questions found
2026-09-12 20:51:09,269 - interview_orchestrator - INFO - careercup: Found 0, unique 0, duplicates 0
2026-09-12 20:51:09,764 - httpx - INFO - HTTP Request: POST https://jmrbyubrrpxxvotsljms.supabase.co/rest/v1/interview_sources?on_conflict=source_name "HTTP/2 201 Created"
2026-09-12 20:51:09,769 - interview_orchestrator - INFO - Completed github_repos: skipped, found=0, new=0, duration=0.0s
2026-09-12 20:51:09,769 - interview_orchestrator - INFO - Completed github_gists: completed, found=2, new=2, duration=49.3s
2026-09-12 20:51:09,770 - interview_orchestrator - INFO - Completed geeksforgeeks: completed, found=0, new=0, duration=9.7s
2026-09-12 20:51:09,771 - interview_orchestrator - INFO - Completed careercup: completed, found=0, new=0, duration=856.5s
2026-09-12 20:51:09,771 - interview_orchestrator - INFO - Completed leetcode_discuss: completed, found=0, new=0, duration=13.3s
2026-09-12 20:51:09,771 - interview_orchestrator - INFO - Running priority 3 scrapers: ['nowcoder', 'programmers_kr', 'qiita', 'habr']
2026-09-12 20:51:09,771 - interview_orchestrator - INFO - Starting scraper: nowcoder
2026-09-12 20:51:10,015 - httpx - INFO - HTTP Request: GET https://jmrbyubrrpxxvotsljms.supabase.co/rest/v1/interview_sources?select=last_scraped&source_name=eq.nowcoder "HTTP/2 406 Not Acceptable"
2026-09-12 20:51:10,015 - interview_orchestrator - WARNING - Could not check last run for nowcoder: {'message': 'Cannot coerce the result to a single JSON object', 'code': 'PGRST116', 'hint': None, 'details': 'The result contains 0 rows'}
2026-09-12 20:51:10,018 - interview_orchestrator - INFO - Starting scraper: programmers_kr
2026-09-12 20:51:10,132 - httpx - INFO - HTTP Request: GET https://jmrbyubrrpxxvotsljms.supabase.co/rest/v1/interview_sources?select=last_scraped&source_name=eq.programmers_kr "HTTP/2 406 Not Acceptable"
2026-09-12 20:51:10,132 - interview_orchestrator - WARNING - Could not check last run for programmers_kr: {'message': 'Cannot coerce the result to a single JSON object', 'code': 'PGRST116', 'hint': None, 'details': 'The result contains 0 rows'}
2026-09-12 20:51:10,136 - interview_orchestrator - INFO - Starting scraper: qiita
2026-09-12 20:51:10,246 - httpx - INFO - HTTP Request: GET https://jmrbyubrrpxxvotsljms.supabase.co/rest/v1/interview_sources?select=last_scraped&source_name=eq.qiita "HTTP/2 406 Not Acceptable"
2026-09-12 20:51:10,247 - interview_orchestrator - WARNING - Could not check last run for qiita: {'message': 'Cannot coerce the result to a single JSON object', 'code': 'PGRST116', 'hint': None, 'details': 'The result contains 0 rows'}
2026-09-12 20:51:10,261 - interview_orchestrator - INFO - Starting scraper: habr
2026-09-12 20:51:10,396 - httpx - INFO - HTTP Request: GET https://jmrbyubrrpxxvotsljms.supabase.co/rest/v1/interview_sources?select=last_scraped&source_name=eq.habr "HTTP/2 406 Not Acceptable"
2026-09-12 20:51:10,399 - interview_orchestrator - WARNING - Could not check last run for habr: {'message': 'Cannot coerce the result to a single JSON object', 'code': 'PGRST116', 'hint': None, 'details': 'The result contains 0 rows'}
2026-09-12 20:51:10,405 - interview_orchestrator - INFO - habr: Found 0, unique 0, duplicates 0
2026-09-12 20:51:10,646 - httpx - INFO - HTTP Request: POST https://jmrbyubrrpxxvotsljms.supabase.co/rest/v1/interview_sources?on_conflict=source_name "HTTP/2 201 Created"
2026-09-12 20:51:12,784 - interview_orchestrator - INFO - nowcoder: Found 0, unique 0, duplicates 0
2026-09-12 20:51:12,881 - httpx - INFO - HTTP Request: POST https://jmrbyubrrpxxvotsljms.supabase.co/rest/v1/interview_sources?on_conflict=source_name "HTTP/2 201 Created"
2026-09-12 20:51:27,799 - interview_orchestrator - INFO - qiita: Found 415, unique 409, duplicates 6
2026-09-12 20:51:27,801 - db_optimizer - INFO - Deduplication: 409 -> 409 (0 duplicates)
2026-09-12 20:51:28,602 - httpx - INFO - HTTP Request: POST https://jmrbyubrrpxxvotsljms.supabase.co/rest/v1/interview_questions?columns=%22difficulty%22%2C%22position_level%22%2C%22question_type%22%2C%22interview_date%22%2C%22is_verified%22%2C%22upvotes%22%2C%22created_at%22%2C%22source_name%22%2C%22position%22%2C%22source_url%22%2C%22company_slug%22%2C%22company_name%22%2C%22question_text%22%2C%22question_title%22%2C%22scraped_at%22%2C%22is_duplicate%22%2C%22interview_round%22 "HTTP/2 201 Created"
2026-09-12 20:51:28,612 - httpx - INFO - HTTP Request: POST https://jmrbyubrrpxxvotsljms.supabase.co/rest/v1/interview_questions?columns=%22difficulty%22%2C%22position_level%22%2C%22question_type%22%2C%22interview_date%22%2C%22is_verified%22%2C%22upvotes%22%2C%22created_at%22%2C%22source_name%22%2C%22position%22%2C%22source_url%22%2C%22company_slug%22%2C%22company_name%22%2C%22question_text%22%2C%22question_title%22%2C%22scraped_at%22%2C%22is_duplicate%22%2C%22interview_round%22 "HTTP/2 201 Created"
2026-09-12 20:51:28,626 - httpx - INFO - HTTP Request: POST https://jmrbyubrrpxxvotsljms.supabase.co/rest/v1/interview_questions?columns=%22difficulty%22%2C%22position_level%22%2C%22question_type%22%2C%22interview_date%22%2C%22is_verified%22%2C%22upvotes%22%2C%22created_at%22%2C%22source_name%22%2C%22position%22%2C%22source_url%22%2C%22company_slug%22%2C%22company_name%22%2C%22question_text%22%2C%22question_title%22%2C%22scraped_at%22%2C%22is_duplicate%22%2C%22interview_round%22 "HTTP/2 201 Created"
2026-09-12 20:51:28,758 - httpx - INFO - HTTP Request: POST https://jmrbyubrrpxxvotsljms.supabase.co/rest/v1/interview_questions?columns=%22difficulty%22%2C%22position_level%22%2C%22question_type%22%2C%22interview_date%22%2C%22is_verified%22%2C%22upvotes%22%2C%22created_at%22%2C%22source_name%22%2C%22position%22%2C%22source_url%22%2C%22company_slug%22%2C%22company_name%22%2C%22question_text%22%2C%22question_title%22%2C%22scraped_at%22%2C%22is_duplicate%22%2C%22interview_round%22 "HTTP/2 201 Created"
2026-09-12 20:51:28,872 - httpx - INFO - HTTP Request: POST https://jmrbyubrrpxxvotsljms.supabase.co/rest/v1/interview_questions?columns=%22difficulty%22%2C%22position_level%22%2C%22question_type%22%2C%22interview_date%22%2C%22is_verified%22%2C%22upvotes%22%2C%22created_at%22%2C%22source_name%22%2C%22position%22%2C%22source_url%22%2C%22company_slug%22%2C%22company_name%22%2C%22question_text%22%2C%22question_title%22%2C%22scraped_at%22%2C%22is_duplicate%22%2C%22interview_round%22 "HTTP/2 201 Created"
2026-09-12 20:51:28,878 - interview_orchestrator - INFO - Saved 409 new, 0 updated questions (0 skipped) in 1072ms
2026-09-12 20:51:29,026 - httpx - INFO - HTTP Request: POST https://jmrbyubrrpxxvotsljms.supabase.co/rest/v1/interview_sources?on_conflict=source_name "HTTP/2 201 Created"
2026-09-12 20:51:51,754 - interview_orchestrator - INFO - programmers_kr: Found 0, unique 0, duplicates 0
2026-09-12 20:51:51,948 - httpx - INFO - HTTP Request: POST https://jmrbyubrrpxxvotsljms.supabase.co/rest/v1/interview_sources?on_conflict=source_name "HTTP/2 201 Created"
2026-09-12 20:51:51,954 - interview_orchestrator - INFO - Completed nowcoder: completed, found=0, new=0, duration=3.1s
2026-09-12 20:51:51,954 - interview_orchestrator - INFO - Completed programmers_kr: completed, found=0, new=0, duration=41.9s
2026-09-12 20:51:51,955 - interview_orchestrator - INFO - Completed qiita: completed, found=415, new=409, duration=18.9s
2026-09-12 20:51:51,955 - interview_orchestrator - INFO - Completed habr: completed, found=0, new=0, duration=0.4s
2026-09-12 20:51:51,956 - interview_orchestrator - INFO - Running priority 4 scrapers: ['takeuforward', 'codestudio']
2026-09-12 20:51:51,956 - interview_orchestrator - INFO - Starting scraper: takeuforward
2026-09-12 20:51:52,063 - httpx - INFO - HTTP Request: GET https://jmrbyubrrpxxvotsljms.supabase.co/rest/v1/interview_sources?select=last_scraped&source_name=eq.takeuforward "HTTP/2 406 Not Acceptable"
2026-09-12 20:51:52,063 - interview_orchestrator - WARNING - Could not check last run for takeuforward: {'message': 'Cannot coerce the result to a single JSON object', 'code': 'PGRST116', 'hint': None, 'details': 'The result contains 0 rows'}
2026-09-12 20:51:52,070 - interview_orchestrator - INFO - Starting scraper: codestudio
2026-09-12 20:51:52,159 - httpx - INFO - HTTP Request: GET https://jmrbyubrrpxxvotsljms.supabase.co/rest/v1/interview_sources?select=last_scraped&source_name=eq.codestudio "HTTP/2 406 Not Acceptable"
2026-09-12 20:51:52,161 - interview_orchestrator - WARNING - Could not check last run for codestudio: {'message': 'Cannot coerce the result to a single JSON object', 'code': 'PGRST116', 'hint': None, 'details': 'The result contains 0 rows'}
2026-09-12 20:51:52,171 - sources.interview_questions.codestudio - INFO - Scraping CodeStudio for 50 companies...
2026-09-12 20:51:54,932 - sources.interview_questions.takeuforward - ERROR - Error fetching https://takeuforward.org/strivers-sde-sheet-top-coding-interview-problems/: 404 Client Error: Not Found for url: https://takeuforward.org/strivers-sde-sheet-top-coding-interview-problems
2026-09-12 20:51:57,611 - sources.interview_questions.takeuforward - ERROR - Error fetching https://takeuforward.org/strivers-a2z-dsa-course-sheet-2/: 404 Client Error: Not Found for url: https://takeuforward.org/strivers-a2z-dsa-course-sheet-2
2026-09-12 20:52:00,365 - sources.interview_questions.takeuforward - ERROR - Error fetching https://takeuforward.org/strivers-79-last-moment-dsa-sheet-ace-interviews/: 404 Client Error: Not Found for url: https://takeuforward.org/strivers-79-last-moment-dsa-sheet-ace-interviews
2026-09-12 20:52:00,367 - sources.interview_questions.takeuforward - INFO - Total unique problems: 0
2026-09-12 20:52:00,367 - interview_orchestrator - INFO - takeuforward: Found 0, unique 0, duplicates 0
2026-09-12 20:52:00,736 - httpx - INFO - HTTP Request: POST https://jmrbyubrrpxxvotsljms.supabase.co/rest/v1/interview_sources?on_conflict=source_name "HTTP/2 201 Created"
2026-09-12 20:54:45,532 - interview_orchestrator - INFO - Starting orchestrator run: interview_scrape_20260913_035445
2026-09-12 20:54:45,533 - interview_orchestrator - INFO - Date range: 2026-03-17 to 2026-09-13
2026-09-12 20:54:45,533 - interview_orchestrator - INFO - Max concurrency: 5, Incremental: False
2026-09-12 20:54:46,589 - httpx - INFO - HTTP Request: GET https://jmrbyubrrpxxvotsljms.supabase.co/rest/v1/interview_questions?select=id "HTTP/2 200 OK"
2026-09-12 20:54:46,603 - interview_orchestrator - INFO - Loaded 1000 existing question hashes
2026-09-12 20:54:46,603 - interview_orchestrator - INFO - Running 1 scrapers
2026-09-12 20:54:46,603 - interview_orchestrator - INFO - Running priority 2 scrapers: ['github_repos']
2026-09-12 20:54:46,606 - interview_orchestrator - INFO - Starting scraper: github_repos
2026-09-12 20:54:46,840 - httpx - INFO - HTTP Request: GET https://jmrbyubrrpxxvotsljms.supabase.co/rest/v1/interview_sources?select=last_scraped&source_name=eq.github_repos "HTTP/2 406 Not Acceptable"
2026-09-12 20:54:46,843 - interview_orchestrator - WARNING - Could not check last run for github_repos: {'message': 'Cannot coerce the result to a single JSON object', 'code': 'PGRST116', 'hint': None, 'details': 'The result contains 0 rows'}
2026-09-12 20:56:52,176 - interview_orchestrator - WARNING - codestudio timed out, retrying (1/3)
2026-09-12 20:56:53,192 - sources.interview_questions.codestudio - INFO - Scraping CodeStudio for 50 companies...
2026-09-12 20:59:47,167 - interview_orchestrator - WARNING - github_repos timed out, retrying (1/3)
2026-09-12 21:00:41,077 - sources.interview_questions.codestudio - INFO - Scraped 0 questions from CodeStudio
2026-09-12 21:01:53,207 - interview_orchestrator - WARNING - codestudio timed out, retrying (2/3)
2026-09-12 21:01:55,216 - sources.interview_questions.codestudio - INFO - Scraping CodeStudio for 50 companies...
2026-09-12 21:04:48,171 - interview_orchestrator - WARNING - github_repos timed out, retrying (2/3)
2026-09-12 21:05:42,051 - sources.interview_questions.codestudio - INFO - Scraped 0 questions from CodeStudio
2026-09-12 21:06:45,833 - interview_orchestrator - INFO - Starting orchestrator run: interview_scrape_20260913_040645
2026-09-12 21:06:45,833 - interview_orchestrator - INFO - Date range: 2026-03-17 to 2026-09-13
2026-09-12 21:06:45,833 - interview_orchestrator - INFO - Max concurrency: 5, Incremental: False
2026-09-12 21:06:46,939 - httpx - INFO - HTTP Request: GET https://jmrbyubrrpxxvotsljms.supabase.co/rest/v1/interview_questions?select=id "HTTP/2 200 OK"
2026-09-12 21:06:46,973 - interview_orchestrator - INFO - Loaded 1000 existing question hashes
2026-09-12 21:06:46,973 - interview_orchestrator - INFO - Running 1 scrapers
2026-09-12 21:06:46,973 - interview_orchestrator - INFO - Running priority 2 scrapers: ['github_repos']
2026-09-12 21:06:46,975 - interview_orchestrator - INFO - Starting scraper: github_repos
2026-09-12 21:06:47,225 - httpx - INFO - HTTP Request: GET https://jmrbyubrrpxxvotsljms.supabase.co/rest/v1/interview_sources?select=last_scraped&source_name=eq.github_repos "HTTP/2 406 Not Acceptable"
2026-09-12 21:06:47,225 - interview_orchestrator - WARNING - Could not check last run for github_repos: {'message': 'Cannot coerce the result to a single JSON object', 'code': 'PGRST116', 'hint': None, 'details': 'The result contains 0 rows'}
2026-09-12 21:06:55,221 - interview_orchestrator - INFO - codestudio: Found 0, unique 0, duplicates 0
2026-09-12 21:06:55,517 - httpx - INFO - HTTP Request: POST https://jmrbyubrrpxxvotsljms.supabase.co/rest/v1/interview_sources?on_conflict=source_name "HTTP/2 201 Created"
2026-09-12 21:06:55,518 - interview_orchestrator - INFO - Completed takeuforward: completed, found=0, new=0, duration=8.8s
2026-09-12 21:06:55,518 - interview_orchestrator - INFO - Completed codestudio: completed, found=0, new=0, duration=903.4s
2026-09-12 21:06:55,520 - interview_orchestrator - INFO - Running priority 5 scrapers: ['quantfinance', 'wikijob_uk', 'dou_ukraine', 'openwork_japan']
2026-09-12 21:06:55,520 - interview_orchestrator - INFO - Starting scraper: quantfinance
2026-09-12 21:06:55,629 - httpx - INFO - HTTP Request: GET https://jmrbyubrrpxxvotsljms.supabase.co/rest/v1/interview_sources?select=last_scraped&source_name=eq.quantfinance "HTTP/2 406 Not Acceptable"
2026-09-12 21:06:55,629 - interview_orchestrator - WARNING - Could not check last run for quantfinance: {'message': 'Cannot coerce the result to a single JSON object', 'code': 'PGRST116', 'hint': None, 'details': 'The result contains 0 rows'}
2026-09-12 21:06:55,631 - scraper_monitoring - INFO - Started tracking run quant_finance_1789272415 for quant_finance
2026-09-12 21:06:55,631 - interview_orchestrator - INFO - Starting scraper: wikijob_uk
2026-09-12 21:06:55,631 - sources.interview_questions.quant_finance - INFO - [quant_finance] StealthSession initialized
2026-09-12 21:06:55,638 - sources.interview_questions.quant_finance - INFO - [quant_finance] ResponseCache initialized
2026-09-12 21:06:55,639 - sources.interview_questions.quant_finance - INFO - [quant_finance] CheckpointManager initialized
2026-09-12 21:06:55,639 - sources.interview_questions.quant_finance - INFO - [quant_finance] ValidationPipeline initialized
2026-09-12 21:06:55,639 - sources.interview_questions.quant_finance - INFO - [quant_finance] ReliabilityEngine initialized
2026-09-12 21:06:55,735 - httpx - INFO - HTTP Request: GET https://jmrbyubrrpxxvotsljms.supabase.co/rest/v1/interview_sources?select=last_scraped&source_name=eq.wikijob_uk "HTTP/2 406 Not Acceptable"
2026-09-12 21:06:55,736 - interview_orchestrator - WARNING - Could not check last run for wikijob_uk: {'message': 'Cannot coerce the result to a single JSON object', 'code': 'PGRST116', 'hint': None, 'details': 'The result contains 0 rows'}
2026-09-12 21:06:55,741 - interview_orchestrator - INFO - wikijob_uk: Found 0, unique 0, duplicates 0
2026-09-12 21:06:56,062 - httpx - INFO - HTTP Request: POST https://jmrbyubrrpxxvotsljms.supabase.co/rest/v1/interview_sources?on_conflict=source_name "HTTP/2 201 Created"
2026-09-12 21:06:56,064 - interview_orchestrator - INFO - Starting scraper: dou_ukraine
2026-09-12 21:06:56,159 - httpx - INFO - HTTP Request: GET https://jmrbyubrrpxxvotsljms.supabase.co/rest/v1/interview_sources?select=last_scraped&source_name=eq.dou_ukraine "HTTP/2 406 Not Acceptable"
2026-09-12 21:06:56,159 - interview_orchestrator - WARNING - Could not check last run for dou_ukraine: {'message': 'Cannot coerce the result to a single JSON object', 'code': 'PGRST116', 'hint': None, 'details': 'The result contains 0 rows'}
2026-09-12 21:06:56,164 - interview_orchestrator - INFO - Starting scraper: openwork_japan
2026-09-12 21:06:56,252 - httpx - INFO - HTTP Request: GET https://jmrbyubrrpxxvotsljms.supabase.co/rest/v1/interview_sources?select=last_scraped&source_name=eq.openwork_japan "HTTP/2 406 Not Acceptable"
2026-09-12 21:06:56,254 - interview_orchestrator - WARNING - Could not check last run for openwork_japan: {'message': 'Cannot coerce the result to a single JSON object', 'code': 'PGRST116', 'hint': None, 'details': 'The result contains 0 rows'}
2026-09-12 21:06:59,766 - interview_orchestrator - INFO - dou_ukraine: Found 0, unique 0, duplicates 0
2026-09-12 21:06:59,864 - httpx - INFO - HTTP Request: POST https://jmrbyubrrpxxvotsljms.supabase.co/rest/v1/interview_sources?on_conflict=source_name "HTTP/2 201 Created"
2026-09-12 21:07:05,239 - interview_orchestrator - INFO - openwork_japan: Found 0, unique 0, duplicates 0
2026-09-12 21:07:05,375 - httpx - INFO - HTTP Request: POST https://jmrbyubrrpxxvotsljms.supabase.co/rest/v1/interview_sources?on_conflict=source_name "HTTP/2 201 Created"
2026-09-12 21:07:07,487 - scraper_monitoring - INFO - Finished run quant_finance_1789272415: success=True, questions=0, duration=11.8s
2026-09-12 21:07:07,488 - interview_orchestrator - INFO - quantfinance: Found 15, unique 15, duplicates 0
2026-09-12 21:07:07,489 - db_optimizer - INFO - Deduplication: 15 -> 15 (0 duplicates)
2026-09-12 21:07:07,644 - httpx - INFO - HTTP Request: POST https://jmrbyubrrpxxvotsljms.supabase.co/rest/v1/interview_questions?columns=%22difficulty%22%2C%22position_level%22%2C%22question_type%22%2C%22interview_date%22%2C%22is_verified%22%2C%22upvotes%22%2C%22created_at%22%2C%22source_name%22%2C%22position%22%2C%22source_url%22%2C%22company_slug%22%2C%22company_name%22%2C%22question_text%22%2C%22question_title%22%2C%22scraped_at%22%2C%22is_duplicate%22%2C%22interview_round%22 "HTTP/2 400 Bad Request"
2026-09-12 21:07:08,775 - httpx - INFO - HTTP Request: POST https://jmrbyubrrpxxvotsljms.supabase.co/rest/v1/interview_questions?columns=%22difficulty%22%2C%22position_level%22%2C%22question_type%22%2C%22interview_date%22%2C%22is_verified%22%2C%22upvotes%22%2C%22created_at%22%2C%22source_name%22%2C%22position%22%2C%22source_url%22%2C%22company_slug%22%2C%22company_name%22%2C%22question_text%22%2C%22question_title%22%2C%22scraped_at%22%2C%22is_duplicate%22%2C%22interview_round%22 "HTTP/2 400 Bad Request"
2026-09-12 21:07:10,943 - httpx - INFO - HTTP Request: POST https://jmrbyubrrpxxvotsljms.supabase.co/rest/v1/interview_questions?columns=%22difficulty%22%2C%22position_level%22%2C%22question_type%22%2C%22interview_date%22%2C%22is_verified%22%2C%22upvotes%22%2C%22created_at%22%2C%22source_name%22%2C%22position%22%2C%22source_url%22%2C%22company_slug%22%2C%22company_name%22%2C%22question_text%22%2C%22question_title%22%2C%22scraped_at%22%2C%22is_duplicate%22%2C%22interview_round%22 "HTTP/2 400 Bad Request"
2026-09-12 21:07:10,947 - interview_orchestrator - ERROR - Failed to save questions: Question persistence incomplete: 0/15 inserted; ['Attempt 1: {\'message\': \'invalid input value for enum question_type: "probability"\', \'code\': \'22P02\', \'hint\': None, \'details\': None}', 'Attempt 2: {\'message\': \'invalid input value for enum question_type: "probability"\', \'code\': \'22P02\', \'hint\': None, \'details\': None}', 'Attempt 3: {\'message\': \'invalid input value for enum question_type: "probability"\', \'code\': \'22P02\', \'hint\': None, \'details\': None}']
Traceback (most recent call last):
  File "C:\Users\ameko\Downloads\newgrad-radar-clean\newgrad-radar-clean\scraper\interview_orchestrator.py", line 909, in _save_questions
    parallel_batches=3,
             ^^^^^^^^^^
  File "C:\Python312\Lib\asyncio\threads.py", line 25, in to_thread
    return await loop.run_in_executor(None, func_call)
           ^^^^^^^^^^^^^^^^^^^^^^^^^^^^^^^^^^^^^^^^^^^
  File "C:\Python312\Lib\concurrent\futures\thread.py", line 58, in run
    result = self.fn(*self.args, **self.kwargs)
             ^^^^^^^^^^^^^^^^^^^^^^^^^^^^^^^^^^
  File "C:\Users\ameko\Downloads\newgrad-radar-clean\newgrad-radar-clean\scraper\db_optimizer.py", line 585, in batch_insert
    raise RuntimeError(f'Question persistence incomplete: {result.inserted}/{len(prepared)} inserted; {result.errors}')
RuntimeError: Question persistence incomplete: 0/15 inserted; ['Attempt 1: {\'message\': \'invalid input value for enum question_type: "probability"\', \'code\': \'22P02\', \'hint\': None, \'details\': None}', 'Attempt 2: {\'message\': \'invalid input value for enum question_type: "probability"\', \'code\': \'22P02\', \'hint\': None, \'details\': None}', 'Attempt 3: {\'message\': \'invalid input value for enum question_type: "probability"\', \'code\': \'22P02\', \'hint\': None, \'details\': None}']
2026-09-12 21:07:10,963 - interview_orchestrator - ERROR - Scraper quantfinance failed
Traceback (most recent call last):
  File "C:\Users\ameko\Downloads\newgrad-radar-clean\newgrad-radar-clean\scraper\interview_orchestrator.py", line 847, in _run_scraper
    f"duplicates {duplicates}"
                               
  File "C:\Users\ameko\Downloads\newgrad-radar-clean\newgrad-radar-clean\scraper\interview_orchestrator.py", line 909, in _save_questions
    parallel_batches=3,
             ^^^^^^^^^^
  File "C:\Python312\Lib\asyncio\threads.py", line 25, in to_thread
    return await loop.run_in_executor(None, func_call)
           ^^^^^^^^^^^^^^^^^^^^^^^^^^^^^^^^^^^^^^^^^^^
  File "C:\Python312\Lib\concurrent\futures\thread.py", line 58, in run
    result = self.fn(*self.args, **self.kwargs)
             ^^^^^^^^^^^^^^^^^^^^^^^^^^^^^^^^^^
  File "C:\Users\ameko\Downloads\newgrad-radar-clean\newgrad-radar-clean\scraper\db_optimizer.py", line 585, in batch_insert
    raise RuntimeError(f'Question persistence incomplete: {result.inserted}/{len(prepared)} inserted; {result.errors}')
RuntimeError: Question persistence incomplete: 0/15 inserted; ['Attempt 1: {\'message\': \'invalid input value for enum question_type: "probability"\', \'code\': \'22P02\', \'hint\': None, \'details\': None}', 'Attempt 2: {\'message\': \'invalid input value for enum question_type: "probability"\', \'code\': \'22P02\', \'hint\': None, \'details\': None}', 'Attempt 3: {\'message\': \'invalid input value for enum question_type: "probability"\', \'code\': \'22P02\', \'hint\': None, \'details\': None}']
2026-09-12 21:07:11,109 - httpx - INFO - HTTP Request: POST https://jmrbyubrrpxxvotsljms.supabase.co/rest/v1/interview_sources?on_conflict=source_name "HTTP/2 201 Created"
2026-09-12 21:07:11,110 - interview_orchestrator - INFO - Completed quantfinance: failed, found=15, new=0, duration=15.6s
2026-09-12 21:07:11,110 - interview_orchestrator - INFO - Completed wikijob_uk: completed, found=0, new=0, duration=0.4s
2026-09-12 21:07:11,110 - interview_orchestrator - INFO - Completed dou_ukraine: completed, found=0, new=0, duration=3.8s
2026-09-12 21:07:11,110 - interview_orchestrator - INFO - Completed openwork_japan: completed, found=0, new=0, duration=9.2s
2026-09-12 21:07:11,110 - interview_orchestrator - INFO - Orchestrator complete: 15/17 succeeded, 1 failed, 1 skipped, total questions: 411 new, duration: 2725.5s
2026-09-12 21:09:07,360 - interview_orchestrator - INFO - github_repos: Found 4176, unique 4176, duplicates 0
2026-09-12 21:09:10,030 - httpx - INFO - HTTP Request: GET https://jmrbyubrrpxxvotsljms.supabase.co/rest/v1/interview_questions?select=company_name%2Cquestion_text%2Csource_name%2Cid&order=id.asc&offset=0&limit=1000 "HTTP/2 200 OK"
2026-09-12 21:09:10,439 - httpx - INFO - HTTP Request: GET https://jmrbyubrrpxxvotsljms.supabase.co/rest/v1/interview_questions?select=company_name%2Cquestion_text%2Csource_name%2Cid&order=id.asc&offset=1000&limit=1000 "HTTP/2 200 OK"
2026-09-12 21:09:10,520 - db_optimizer - INFO - Loaded 1691 content hashes
2026-09-12 21:09:10,572 - db_optimizer - INFO - Deduplication: 4176 -> 4143 (33 duplicates)
2026-09-12 21:09:11,474 - httpx - INFO - HTTP Request: POST https://jmrbyubrrpxxvotsljms.supabase.co/rest/v1/interview_questions?columns=%22question_title%22%2C%22scraped_at%22%2C%22upvotes%22%2C%22company_slug%22%2C%22question_text%22%2C%22question_type%22%2C%22interview_date%22%2C%22difficulty%22%2C%22source_name%22%2C%22is_verified%22%2C%22position%22%2C%22source_url%22%2C%22is_duplicate%22%2C%22interview_round%22%2C%22company_name%22%2C%22position_level%22%2C%22created_at%22 "HTTP/2 201 Created"
2026-09-12 21:09:11,563 - httpx - INFO - HTTP Request: POST https://jmrbyubrrpxxvotsljms.supabase.co/rest/v1/interview_questions?columns=%22question_title%22%2C%22scraped_at%22%2C%22upvotes%22%2C%22company_slug%22%2C%22question_text%22%2C%22question_type%22%2C%22interview_date%22%2C%22difficulty%22%2C%22source_name%22%2C%22is_verified%22%2C%22position%22%2C%22source_url%22%2C%22is_duplicate%22%2C%22interview_round%22%2C%22company_name%22%2C%22position_level%22%2C%22created_at%22 "HTTP/2 201 Created"
2026-09-12 21:09:11,793 - httpx - INFO - HTTP Request: POST https://jmrbyubrrpxxvotsljms.supabase.co/rest/v1/interview_questions?columns=%22question_title%22%2C%22scraped_at%22%2C%22upvotes%22%2C%22company_slug%22%2C%22question_text%22%2C%22question_type%22%2C%22interview_date%22%2C%22difficulty%22%2C%22source_name%22%2C%22is_verified%22%2C%22position%22%2C%22source_url%22%2C%22is_duplicate%22%2C%22interview_round%22%2C%22company_name%22%2C%22position_level%22%2C%22created_at%22 "HTTP/2 201 Created"
2026-09-12 21:09:11,831 - httpx - INFO - HTTP Request: POST https://jmrbyubrrpxxvotsljms.supabase.co/rest/v1/interview_questions?columns=%22question_title%22%2C%22scraped_at%22%2C%22upvotes%22%2C%22company_slug%22%2C%22question_text%22%2C%22question_type%22%2C%22interview_date%22%2C%22difficulty%22%2C%22source_name%22%2C%22is_verified%22%2C%22position%22%2C%22source_url%22%2C%22is_duplicate%22%2C%22interview_round%22%2C%22company_name%22%2C%22position_level%22%2C%22created_at%22 "HTTP/2 201 Created"
2026-09-12 21:09:11,946 - httpx - INFO - HTTP Request: POST https://jmrbyubrrpxxvotsljms.supabase.co/rest/v1/interview_questions?columns=%22question_title%22%2C%22scraped_at%22%2C%22upvotes%22%2C%22company_slug%22%2C%22question_text%22%2C%22question_type%22%2C%22interview_date%22%2C%22difficulty%22%2C%22source_name%22%2C%22is_verified%22%2C%22position%22%2C%22source_url%22%2C%22is_duplicate%22%2C%22interview_round%22%2C%22company_name%22%2C%22position_level%22%2C%22created_at%22 "HTTP/2 201 Created"
2026-09-12 21:09:12,035 - httpx - INFO - HTTP Request: POST https://jmrbyubrrpxxvotsljms.supabase.co/rest/v1/interview_questions?columns=%22question_title%22%2C%22scraped_at%22%2C%22upvotes%22%2C%22company_slug%22%2C%22question_text%22%2C%22question_type%22%2C%22interview_date%22%2C%22difficulty%22%2C%22source_name%22%2C%22is_verified%22%2C%22position%22%2C%22source_url%22%2C%22is_duplicate%22%2C%22interview_round%22%2C%22company_name%22%2C%22position_level%22%2C%22created_at%22 "HTTP/2 201 Created"
2026-09-12 21:09:12,098 - httpx - INFO - HTTP Request: POST https://jmrbyubrrpxxvotsljms.supabase.co/rest/v1/interview_questions?columns=%22question_title%22%2C%22scraped_at%22%2C%22upvotes%22%2C%22company_slug%22%2C%22question_text%22%2C%22question_type%22%2C%22interview_date%22%2C%22difficulty%22%2C%22source_name%22%2C%22is_verified%22%2C%22position%22%2C%22source_url%22%2C%22is_duplicate%22%2C%22interview_round%22%2C%22company_name%22%2C%22position_level%22%2C%22created_at%22 "HTTP/2 201 Created"
2026-09-12 21:09:12,105 - httpx - INFO - HTTP Request: POST https://jmrbyubrrpxxvotsljms.supabase.co/rest/v1/interview_questions?columns=%22question_title%22%2C%22scraped_at%22%2C%22upvotes%22%2C%22company_slug%22%2C%22question_text%22%2C%22question_type%22%2C%22interview_date%22%2C%22difficulty%22%2C%22source_name%22%2C%22is_verified%22%2C%22position%22%2C%22source_url%22%2C%22is_duplicate%22%2C%22interview_round%22%2C%22company_name%22%2C%22position_level%22%2C%22created_at%22 "HTTP/2 201 Created"
2026-09-12 21:09:12,168 - httpx - INFO - HTTP Request: POST https://jmrbyubrrpxxvotsljms.supabase.co/rest/v1/interview_questions?columns=%22question_title%22%2C%22scraped_at%22%2C%22upvotes%22%2C%22company_slug%22%2C%22question_text%22%2C%22question_type%22%2C%22interview_date%22%2C%22difficulty%22%2C%22source_name%22%2C%22is_verified%22%2C%22position%22%2C%22source_url%22%2C%22is_duplicate%22%2C%22interview_round%22%2C%22company_name%22%2C%22position_level%22%2C%22created_at%22 "HTTP/2 201 Created"
2026-09-12 21:09:12,239 - httpx - INFO - HTTP Request: POST https://jmrbyubrrpxxvotsljms.supabase.co/rest/v1/interview_questions?columns=%22question_title%22%2C%22scraped_at%22%2C%22upvotes%22%2C%22company_slug%22%2C%22question_text%22%2C%22question_type%22%2C%22interview_date%22%2C%22difficulty%22%2C%22source_name%22%2C%22is_verified%22%2C%22position%22%2C%22source_url%22%2C%22is_duplicate%22%2C%22interview_round%22%2C%22company_name%22%2C%22position_level%22%2C%22created_at%22 "HTTP/2 201 Created"
2026-09-12 21:09:12,274 - httpx - INFO - HTTP Request: POST https://jmrbyubrrpxxvotsljms.supabase.co/rest/v1/interview_questions?columns=%22question_title%22%2C%22scraped_at%22%2C%22upvotes%22%2C%22company_slug%22%2C%22question_text%22%2C%22question_type%22%2C%22interview_date%22%2C%22difficulty%22%2C%22source_name%22%2C%22is_verified%22%2C%22position%22%2C%22source_url%22%2C%22is_duplicate%22%2C%22interview_round%22%2C%22company_name%22%2C%22position_level%22%2C%22created_at%22 "HTTP/2 201 Created"
2026-09-12 21:09:12,297 - httpx - INFO - HTTP Request: POST https://jmrbyubrrpxxvotsljms.supabase.co/rest/v1/interview_questions?columns=%22question_title%22%2C%22scraped_at%22%2C%22upvotes%22%2C%22company_slug%22%2C%22question_text%22%2C%22question_type%22%2C%22interview_date%22%2C%22difficulty%22%2C%22source_name%22%2C%22is_verified%22%2C%22position%22%2C%22source_url%22%2C%22is_duplicate%22%2C%22interview_round%22%2C%22company_name%22%2C%22position_level%22%2C%22created_at%22 "HTTP/2 201 Created"
2026-09-12 21:09:12,354 - httpx - INFO - HTTP Request: POST https://jmrbyubrrpxxvotsljms.supabase.co/rest/v1/interview_questions?columns=%22question_title%22%2C%22scraped_at%22%2C%22upvotes%22%2C%22company_slug%22%2C%22question_text%22%2C%22question_type%22%2C%22interview_date%22%2C%22difficulty%22%2C%22source_name%22%2C%22is_verified%22%2C%22position%22%2C%22source_url%22%2C%22is_duplicate%22%2C%22interview_round%22%2C%22company_name%22%2C%22position_level%22%2C%22created_at%22 "HTTP/2 201 Created"
2026-09-12 21:09:12,388 - httpx - INFO - HTTP Request: POST https://jmrbyubrrpxxvotsljms.supabase.co/rest/v1/interview_questions?columns=%22question_title%22%2C%22scraped_at%22%2C%22upvotes%22%2C%22company_slug%22%2C%22question_text%22%2C%22question_type%22%2C%22interview_date%22%2C%22difficulty%22%2C%22source_name%22%2C%22is_verified%22%2C%22position%22%2C%22source_url%22%2C%22is_duplicate%22%2C%22interview_round%22%2C%22company_name%22%2C%22position_level%22%2C%22created_at%22 "HTTP/2 201 Created"
2026-09-12 21:09:12,402 - httpx - INFO - HTTP Request: POST https://jmrbyubrrpxxvotsljms.supabase.co/rest/v1/interview_questions?columns=%22question_title%22%2C%22scraped_at%22%2C%22upvotes%22%2C%22company_slug%22%2C%22question_text%22%2C%22question_type%22%2C%22interview_date%22%2C%22difficulty%22%2C%22source_name%22%2C%22is_verified%22%2C%22position%22%2C%22source_url%22%2C%22is_duplicate%22%2C%22interview_round%22%2C%22company_name%22%2C%22position_level%22%2C%22created_at%22 "HTTP/2 201 Created"
2026-09-12 21:09:12,477 - httpx - INFO - HTTP Request: POST https://jmrbyubrrpxxvotsljms.supabase.co/rest/v1/interview_questions?columns=%22question_title%22%2C%22scraped_at%22%2C%22upvotes%22%2C%22company_slug%22%2C%22question_text%22%2C%22question_type%22%2C%22interview_date%22%2C%22difficulty%22%2C%22source_name%22%2C%22is_verified%22%2C%22position%22%2C%22source_url%22%2C%22is_duplicate%22%2C%22interview_round%22%2C%22company_name%22%2C%22position_level%22%2C%22created_at%22 "HTTP/2 201 Created"
2026-09-12 21:09:12,491 - httpx - INFO - HTTP Request: POST https://jmrbyubrrpxxvotsljms.supabase.co/rest/v1/interview_questions?columns=%22question_title%22%2C%22scraped_at%22%2C%22upvotes%22%2C%22company_slug%22%2C%22question_text%22%2C%22question_type%22%2C%22interview_date%22%2C%22difficulty%22%2C%22source_name%22%2C%22is_verified%22%2C%22position%22%2C%22source_url%22%2C%22is_duplicate%22%2C%22interview_round%22%2C%22company_name%22%2C%22position_level%22%2C%22created_at%22 "HTTP/2 201 Created"
2026-09-12 21:09:12,550 - httpx - INFO - HTTP Request: POST https://jmrbyubrrpxxvotsljms.supabase.co/rest/v1/interview_questions?columns=%22question_title%22%2C%22scraped_at%22%2C%22upvotes%22%2C%22company_slug%22%2C%22question_text%22%2C%22question_type%22%2C%22interview_date%22%2C%22difficulty%22%2C%22source_name%22%2C%22is_verified%22%2C%22position%22%2C%22source_url%22%2C%22is_duplicate%22%2C%22interview_round%22%2C%22company_name%22%2C%22position_level%22%2C%22created_at%22 "HTTP/2 201 Created"
2026-09-12 21:09:12,595 - httpx - INFO - HTTP Request: POST https://jmrbyubrrpxxvotsljms.supabase.co/rest/v1/interview_questions?columns=%22question_title%22%2C%22scraped_at%22%2C%22upvotes%22%2C%22company_slug%22%2C%22question_text%22%2C%22question_type%22%2C%22interview_date%22%2C%22difficulty%22%2C%22source_name%22%2C%22is_verified%22%2C%22position%22%2C%22source_url%22%2C%22is_duplicate%22%2C%22interview_round%22%2C%22company_name%22%2C%22position_level%22%2C%22created_at%22 "HTTP/2 201 Created"
2026-09-12 21:09:12,602 - httpx - INFO - HTTP Request: POST https://jmrbyubrrpxxvotsljms.supabase.co/rest/v1/interview_questions?columns=%22question_title%22%2C%22scraped_at%22%2C%22upvotes%22%2C%22company_slug%22%2C%22question_text%22%2C%22question_type%22%2C%22interview_date%22%2C%22difficulty%22%2C%22source_name%22%2C%22is_verified%22%2C%22position%22%2C%22source_url%22%2C%22is_duplicate%22%2C%22interview_round%22%2C%22company_name%22%2C%22position_level%22%2C%22created_at%22 "HTTP/2 201 Created"
2026-09-12 21:09:12,705 - httpx - INFO - HTTP Request: POST https://jmrbyubrrpxxvotsljms.supabase.co/rest/v1/interview_questions?columns=%22question_title%22%2C%22scraped_at%22%2C%22upvotes%22%2C%22company_slug%22%2C%22question_text%22%2C%22question_type%22%2C%22interview_date%22%2C%22difficulty%22%2C%22source_name%22%2C%22is_verified%22%2C%22position%22%2C%22source_url%22%2C%22is_duplicate%22%2C%22interview_round%22%2C%22company_name%22%2C%22position_level%22%2C%22created_at%22 "HTTP/2 201 Created"
2026-09-12 21:09:12,725 - httpx - INFO - HTTP Request: POST https://jmrbyubrrpxxvotsljms.supabase.co/rest/v1/interview_questions?columns=%22question_title%22%2C%22scraped_at%22%2C%22upvotes%22%2C%22company_slug%22%2C%22question_text%22%2C%22question_type%22%2C%22interview_date%22%2C%22difficulty%22%2C%22source_name%22%2C%22is_verified%22%2C%22position%22%2C%22source_url%22%2C%22is_duplicate%22%2C%22interview_round%22%2C%22company_name%22%2C%22position_level%22%2C%22created_at%22 "HTTP/2 201 Created"
2026-09-12 21:09:12,786 - httpx - INFO - HTTP Request: POST https://jmrbyubrrpxxvotsljms.supabase.co/rest/v1/interview_questions?columns=%22question_title%22%2C%22scraped_at%22%2C%22upvotes%22%2C%22company_slug%22%2C%22question_text%22%2C%22question_type%22%2C%22interview_date%22%2C%22difficulty%22%2C%22source_name%22%2C%22is_verified%22%2C%22position%22%2C%22source_url%22%2C%22is_duplicate%22%2C%22interview_round%22%2C%22company_name%22%2C%22position_level%22%2C%22created_at%22 "HTTP/2 201 Created"
2026-09-12 21:09:12,829 - httpx - INFO - HTTP Request: POST https://jmrbyubrrpxxvotsljms.supabase.co/rest/v1/interview_questions?columns=%22question_title%22%2C%22scraped_at%22%2C%22upvotes%22%2C%22company_slug%22%2C%22question_text%22%2C%22question_type%22%2C%22interview_date%22%2C%22difficulty%22%2C%22source_name%22%2C%22is_verified%22%2C%22position%22%2C%22source_url%22%2C%22is_duplicate%22%2C%22interview_round%22%2C%22company_name%22%2C%22position_level%22%2C%22created_at%22 "HTTP/2 201 Created"
2026-09-12 21:09:12,858 - httpx - INFO - HTTP Request: POST https://jmrbyubrrpxxvotsljms.supabase.co/rest/v1/interview_questions?columns=%22question_title%22%2C%22scraped_at%22%2C%22upvotes%22%2C%22company_slug%22%2C%22question_text%22%2C%22question_type%22%2C%22interview_date%22%2C%22difficulty%22%2C%22source_name%22%2C%22is_verified%22%2C%22position%22%2C%22source_url%22%2C%22is_duplicate%22%2C%22interview_round%22%2C%22company_name%22%2C%22position_level%22%2C%22created_at%22 "HTTP/2 201 Created"
2026-09-12 21:09:12,917 - httpx - INFO - HTTP Request: POST https://jmrbyubrrpxxvotsljms.supabase.co/rest/v1/interview_questions?columns=%22question_title%22%2C%22scraped_at%22%2C%22upvotes%22%2C%22company_slug%22%2C%22question_text%22%2C%22question_type%22%2C%22interview_date%22%2C%22difficulty%22%2C%22source_name%22%2C%22is_verified%22%2C%22position%22%2C%22source_url%22%2C%22is_duplicate%22%2C%22interview_round%22%2C%22company_name%22%2C%22position_level%22%2C%22created_at%22 "HTTP/2 201 Created"
2026-09-12 21:09:12,967 - httpx - INFO - HTTP Request: POST https://jmrbyubrrpxxvotsljms.supabase.co/rest/v1/interview_questions?columns=%22question_title%22%2C%22scraped_at%22%2C%22upvotes%22%2C%22company_slug%22%2C%22question_text%22%2C%22question_type%22%2C%22interview_date%22%2C%22difficulty%22%2C%22source_name%22%2C%22is_verified%22%2C%22position%22%2C%22source_url%22%2C%22is_duplicate%22%2C%22interview_round%22%2C%22company_name%22%2C%22position_level%22%2C%22created_at%22 "HTTP/2 201 Created"
2026-09-12 21:09:12,990 - httpx - INFO - HTTP Request: POST https://jmrbyubrrpxxvotsljms.supabase.co/rest/v1/interview_questions?columns=%22question_title%22%2C%22scraped_at%22%2C%22upvotes%22%2C%22company_slug%22%2C%22question_text%22%2C%22question_type%22%2C%22interview_date%22%2C%22difficulty%22%2C%22source_name%22%2C%22is_verified%22%2C%22position%22%2C%22source_url%22%2C%22is_duplicate%22%2C%22interview_round%22%2C%22company_name%22%2C%22position_level%22%2C%22created_at%22 "HTTP/2 201 Created"
2026-09-12 21:09:13,032 - httpx - INFO - HTTP Request: POST https://jmrbyubrrpxxvotsljms.supabase.co/rest/v1/interview_questions?columns=%22question_title%22%2C%22scraped_at%22%2C%22upvotes%22%2C%22company_slug%22%2C%22question_text%22%2C%22question_type%22%2C%22interview_date%22%2C%22difficulty%22%2C%22source_name%22%2C%22is_verified%22%2C%22position%22%2C%22source_url%22%2C%22is_duplicate%22%2C%22interview_round%22%2C%22company_name%22%2C%22position_level%22%2C%22created_at%22 "HTTP/2 201 Created"
2026-09-12 21:09:13,075 - httpx - INFO - HTTP Request: POST https://jmrbyubrrpxxvotsljms.supabase.co/rest/v1/interview_questions?columns=%22question_title%22%2C%22scraped_at%22%2C%22upvotes%22%2C%22company_slug%22%2C%22question_text%22%2C%22question_type%22%2C%22interview_date%22%2C%22difficulty%22%2C%22source_name%22%2C%22is_verified%22%2C%22position%22%2C%22source_url%22%2C%22is_duplicate%22%2C%22interview_round%22%2C%22company_name%22%2C%22position_level%22%2C%22created_at%22 "HTTP/2 201 Created"
2026-09-12 21:09:13,097 - httpx - INFO - HTTP Request: POST https://jmrbyubrrpxxvotsljms.supabase.co/rest/v1/interview_questions?columns=%22question_title%22%2C%22scraped_at%22%2C%22upvotes%22%2C%22company_slug%22%2C%22question_text%22%2C%22question_type%22%2C%22interview_date%22%2C%22difficulty%22%2C%22source_name%22%2C%22is_verified%22%2C%22position%22%2C%22source_url%22%2C%22is_duplicate%22%2C%22interview_round%22%2C%22company_name%22%2C%22position_level%22%2C%22created_at%22 "HTTP/2 201 Created"
2026-09-12 21:09:13,144 - httpx - INFO - HTTP Request: POST https://jmrbyubrrpxxvotsljms.supabase.co/rest/v1/interview_questions?columns=%22question_title%22%2C%22scraped_at%22%2C%22upvotes%22%2C%22company_slug%22%2C%22question_text%22%2C%22question_type%22%2C%22interview_date%22%2C%22difficulty%22%2C%22source_name%22%2C%22is_verified%22%2C%22position%22%2C%22source_url%22%2C%22is_duplicate%22%2C%22interview_round%22%2C%22company_name%22%2C%22position_level%22%2C%22created_at%22 "HTTP/2 201 Created"
2026-09-12 21:09:13,197 - httpx - INFO - HTTP Request: POST https://jmrbyubrrpxxvotsljms.supabase.co/rest/v1/interview_questions?columns=%22question_title%22%2C%22scraped_at%22%2C%22upvotes%22%2C%22company_slug%22%2C%22question_text%22%2C%22question_type%22%2C%22interview_date%22%2C%22difficulty%22%2C%22source_name%22%2C%22is_verified%22%2C%22position%22%2C%22source_url%22%2C%22is_duplicate%22%2C%22interview_round%22%2C%22company_name%22%2C%22position_level%22%2C%22created_at%22 "HTTP/2 201 Created"
2026-09-12 21:09:13,212 - httpx - INFO - HTTP Request: POST https://jmrbyubrrpxxvotsljms.supabase.co/rest/v1/interview_questions?columns=%22question_title%22%2C%22scraped_at%22%2C%22upvotes%22%2C%22company_slug%22%2C%22question_text%22%2C%22question_type%22%2C%22interview_date%22%2C%22difficulty%22%2C%22source_name%22%2C%22is_verified%22%2C%22position%22%2C%22source_url%22%2C%22is_duplicate%22%2C%22interview_round%22%2C%22company_name%22%2C%22position_level%22%2C%22created_at%22 "HTTP/2 201 Created"
2026-09-12 21:09:13,252 - httpx - INFO - HTTP Request: POST https://jmrbyubrrpxxvotsljms.supabase.co/rest/v1/interview_questions?columns=%22question_title%22%2C%22scraped_at%22%2C%22upvotes%22%2C%22company_slug%22%2C%22question_text%22%2C%22question_type%22%2C%22interview_date%22%2C%22difficulty%22%2C%22source_name%22%2C%22is_verified%22%2C%22position%22%2C%22source_url%22%2C%22is_duplicate%22%2C%22interview_round%22%2C%22company_name%22%2C%22position_level%22%2C%22created_at%22 "HTTP/2 201 Created"
2026-09-12 21:09:13,318 - httpx - INFO - HTTP Request: POST https://jmrbyubrrpxxvotsljms.supabase.co/rest/v1/interview_questions?columns=%22question_title%22%2C%22scraped_at%22%2C%22upvotes%22%2C%22company_slug%22%2C%22question_text%22%2C%22question_type%22%2C%22interview_date%22%2C%22difficulty%22%2C%22source_name%22%2C%22is_verified%22%2C%22position%22%2C%22source_url%22%2C%22is_duplicate%22%2C%22interview_round%22%2C%22company_name%22%2C%22position_level%22%2C%22created_at%22 "HTTP/2 201 Created"
2026-09-12 21:09:13,339 - httpx - INFO - HTTP Request: POST https://jmrbyubrrpxxvotsljms.supabase.co/rest/v1/interview_questions?columns=%22question_title%22%2C%22scraped_at%22%2C%22upvotes%22%2C%22company_slug%22%2C%22question_text%22%2C%22question_type%22%2C%22interview_date%22%2C%22difficulty%22%2C%22source_name%22%2C%22is_verified%22%2C%22position%22%2C%22source_url%22%2C%22is_duplicate%22%2C%22interview_round%22%2C%22company_name%22%2C%22position_level%22%2C%22created_at%22 "HTTP/2 201 Created"
2026-09-12 21:09:13,367 - httpx - INFO - HTTP Request: POST https://jmrbyubrrpxxvotsljms.supabase.co/rest/v1/interview_questions?columns=%22question_title%22%2C%22scraped_at%22%2C%22upvotes%22%2C%22company_slug%22%2C%22question_text%22%2C%22question_type%22%2C%22interview_date%22%2C%22difficulty%22%2C%22source_name%22%2C%22is_verified%22%2C%22position%22%2C%22source_url%22%2C%22is_duplicate%22%2C%22interview_round%22%2C%22company_name%22%2C%22position_level%22%2C%22created_at%22 "HTTP/2 201 Created"
2026-09-12 21:09:13,436 - httpx - INFO - HTTP Request: POST https://jmrbyubrrpxxvotsljms.supabase.co/rest/v1/interview_questions?columns=%22question_title%22%2C%22scraped_at%22%2C%22upvotes%22%2C%22company_slug%22%2C%22question_text%22%2C%22question_type%22%2C%22interview_date%22%2C%22difficulty%22%2C%22source_name%22%2C%22is_verified%22%2C%22position%22%2C%22source_url%22%2C%22is_duplicate%22%2C%22interview_round%22%2C%22company_name%22%2C%22position_level%22%2C%22created_at%22 "HTTP/2 201 Created"
2026-09-12 21:09:13,474 - httpx - INFO - HTTP Request: POST https://jmrbyubrrpxxvotsljms.supabase.co/rest/v1/interview_questions?columns=%22question_title%22%2C%22scraped_at%22%2C%22upvotes%22%2C%22company_slug%22%2C%22question_text%22%2C%22question_type%22%2C%22interview_date%22%2C%22difficulty%22%2C%22source_name%22%2C%22is_verified%22%2C%22position%22%2C%22source_url%22%2C%22is_duplicate%22%2C%22interview_round%22%2C%22company_name%22%2C%22position_level%22%2C%22created_at%22 "HTTP/2 201 Created"
2026-09-12 21:09:13,481 - httpx - INFO - HTTP Request: POST https://jmrbyubrrpxxvotsljms.supabase.co/rest/v1/interview_questions?columns=%22question_title%22%2C%22scraped_at%22%2C%22upvotes%22%2C%22company_slug%22%2C%22question_text%22%2C%22question_type%22%2C%22interview_date%22%2C%22difficulty%22%2C%22source_name%22%2C%22is_verified%22%2C%22position%22%2C%22source_url%22%2C%22is_duplicate%22%2C%22interview_round%22%2C%22company_name%22%2C%22position_level%22%2C%22created_at%22 "HTTP/2 201 Created"
2026-09-12 21:09:13,545 - httpx - INFO - HTTP Request: POST https://jmrbyubrrpxxvotsljms.supabase.co/rest/v1/interview_questions?columns=%22question_title%22%2C%22scraped_at%22%2C%22upvotes%22%2C%22company_slug%22%2C%22question_text%22%2C%22question_type%22%2C%22interview_date%22%2C%22difficulty%22%2C%22source_name%22%2C%22is_verified%22%2C%22position%22%2C%22source_url%22%2C%22is_duplicate%22%2C%22interview_round%22%2C%22company_name%22%2C%22position_level%22%2C%22created_at%22 "HTTP/2 201 Created"
2026-09-12 21:09:13,561 - interview_orchestrator - INFO - Saved 4143 new, 0 updated questions (0 skipped) in 2886ms
2026-09-12 21:09:13,701 - httpx - INFO - HTTP Request: POST https://jmrbyubrrpxxvotsljms.supabase.co/rest/v1/interview_sources?on_conflict=source_name "HTTP/2 201 Created"
2026-09-12 21:09:13,715 - interview_orchestrator - INFO - Completed github_repos: completed, found=4176, new=4143, duration=867.1s
2026-09-12 21:09:13,717 - interview_orchestrator - INFO - Orchestrator complete: 1/1 succeeded, 0 failed, 0 skipped, total questions: 4143 new, duration: 868.2s
2026-09-12 21:10:40,186 - sources.interview_questions.codestudio - INFO - Scraped 0 questions from CodeStudio
2026-09-12 21:11:25,056 - interview_orchestrator - INFO - github_repos: Found 5650, unique 5650, duplicates 0
2026-09-12 21:11:27,227 - httpx - INFO - HTTP Request: GET https://jmrbyubrrpxxvotsljms.supabase.co/rest/v1/interview_questions?select=company_name%2Cquestion_text%2Csource_name%2Cid&order=id.asc&offset=0&limit=1000 "HTTP/2 200 OK"
2026-09-12 21:11:27,412 - httpx - INFO - HTTP Request: GET https://jmrbyubrrpxxvotsljms.supabase.co/rest/v1/interview_questions?select=company_name%2Cquestion_text%2Csource_name%2Cid&order=id.asc&offset=1000&limit=1000 "HTTP/2 200 OK"
2026-09-12 21:11:27,819 - httpx - INFO - HTTP Request: GET https://jmrbyubrrpxxvotsljms.supabase.co/rest/v1/interview_questions?select=company_name%2Cquestion_text%2Csource_name%2Cid&order=id.asc&offset=2000&limit=1000 "HTTP/2 200 OK"
2026-09-12 21:11:28,012 - httpx - INFO - HTTP Request: GET https://jmrbyubrrpxxvotsljms.supabase.co/rest/v1/interview_questions?select=company_name%2Cquestion_text%2Csource_name%2Cid&order=id.asc&offset=3000&limit=1000 "HTTP/2 200 OK"
2026-09-12 21:11:28,396 - httpx - INFO - HTTP Request: GET https://jmrbyubrrpxxvotsljms.supabase.co/rest/v1/interview_questions?select=company_name%2Cquestion_text%2Csource_name%2Cid&order=id.asc&offset=4000&limit=1000 "HTTP/2 200 OK"
2026-09-12 21:11:28,646 - httpx - INFO - HTTP Request: GET https://jmrbyubrrpxxvotsljms.supabase.co/rest/v1/interview_questions?select=company_name%2Cquestion_text%2Csource_name%2Cid&order=id.asc&offset=5000&limit=1000 "HTTP/2 200 OK"
2026-09-12 21:11:28,720 - db_optimizer - INFO - Loaded 5834 content hashes
2026-09-12 21:11:28,737 - db_optimizer - INFO - Deduplication: 5650 -> 1474 (4176 duplicates)
2026-09-12 21:11:29,477 - httpx - INFO - HTTP Request: POST https://jmrbyubrrpxxvotsljms.supabase.co/rest/v1/interview_questions?columns=%22created_at%22%2C%22question_type%22%2C%22question_title%22%2C%22interview_round%22%2C%22position%22%2C%22upvotes%22%2C%22company_name%22%2C%22source_name%22%2C%22difficulty%22%2C%22source_url%22%2C%22is_duplicate%22%2C%22scraped_at%22%2C%22position_level%22%2C%22company_slug%22%2C%22is_verified%22%2C%22question_text%22%2C%22interview_date%22 "HTTP/2 201 Created"
2026-09-12 21:11:29,500 - httpx - INFO - HTTP Request: POST https://jmrbyubrrpxxvotsljms.supabase.co/rest/v1/interview_questions?columns=%22created_at%22%2C%22question_type%22%2C%22question_title%22%2C%22interview_round%22%2C%22position%22%2C%22upvotes%22%2C%22company_name%22%2C%22source_name%22%2C%22difficulty%22%2C%22source_url%22%2C%22is_duplicate%22%2C%22scraped_at%22%2C%22position_level%22%2C%22company_slug%22%2C%22is_verified%22%2C%22question_text%22%2C%22interview_date%22 "HTTP/2 201 Created"
2026-09-12 21:11:29,537 - httpx - INFO - HTTP Request: POST https://jmrbyubrrpxxvotsljms.supabase.co/rest/v1/interview_questions?columns=%22created_at%22%2C%22question_type%22%2C%22question_title%22%2C%22interview_round%22%2C%22position%22%2C%22upvotes%22%2C%22company_name%22%2C%22source_name%22%2C%22difficulty%22%2C%22source_url%22%2C%22is_duplicate%22%2C%22scraped_at%22%2C%22position_level%22%2C%22company_slug%22%2C%22is_verified%22%2C%22question_text%22%2C%22interview_date%22 "HTTP/2 201 Created"
2026-09-12 21:11:29,642 - httpx - INFO - HTTP Request: POST https://jmrbyubrrpxxvotsljms.supabase.co/rest/v1/interview_questions?columns=%22created_at%22%2C%22question_type%22%2C%22question_title%22%2C%22interview_round%22%2C%22position%22%2C%22upvotes%22%2C%22company_name%22%2C%22source_name%22%2C%22difficulty%22%2C%22source_url%22%2C%22is_duplicate%22%2C%22scraped_at%22%2C%22position_level%22%2C%22company_slug%22%2C%22is_verified%22%2C%22question_text%22%2C%22interview_date%22 "HTTP/2 201 Created"
2026-09-12 21:11:29,744 - httpx - INFO - HTTP Request: POST https://jmrbyubrrpxxvotsljms.supabase.co/rest/v1/interview_questions?columns=%22created_at%22%2C%22question_type%22%2C%22question_title%22%2C%22interview_round%22%2C%22position%22%2C%22upvotes%22%2C%22company_name%22%2C%22source_name%22%2C%22difficulty%22%2C%22source_url%22%2C%22is_duplicate%22%2C%22scraped_at%22%2C%22position_level%22%2C%22company_slug%22%2C%22is_verified%22%2C%22question_text%22%2C%22interview_date%22 "HTTP/2 201 Created"
2026-09-12 21:11:29,769 - httpx - INFO - HTTP Request: POST https://jmrbyubrrpxxvotsljms.supabase.co/rest/v1/interview_questions?columns=%22created_at%22%2C%22question_type%22%2C%22question_title%22%2C%22interview_round%22%2C%22position%22%2C%22upvotes%22%2C%22company_name%22%2C%22source_name%22%2C%22difficulty%22%2C%22source_url%22%2C%22is_duplicate%22%2C%22scraped_at%22%2C%22position_level%22%2C%22company_slug%22%2C%22is_verified%22%2C%22question_text%22%2C%22interview_date%22 "HTTP/2 201 Created"
2026-09-12 21:11:29,879 - httpx - INFO - HTTP Request: POST https://jmrbyubrrpxxvotsljms.supabase.co/rest/v1/interview_questions?columns=%22created_at%22%2C%22question_type%22%2C%22question_title%22%2C%22interview_round%22%2C%22position%22%2C%22upvotes%22%2C%22company_name%22%2C%22source_name%22%2C%22difficulty%22%2C%22source_url%22%2C%22is_duplicate%22%2C%22scraped_at%22%2C%22position_level%22%2C%22company_slug%22%2C%22is_verified%22%2C%22question_text%22%2C%22interview_date%22 "HTTP/2 201 Created"
2026-09-12 21:11:29,927 - httpx - INFO - HTTP Request: POST https://jmrbyubrrpxxvotsljms.supabase.co/rest/v1/interview_questions?columns=%22created_at%22%2C%22question_type%22%2C%22question_title%22%2C%22interview_round%22%2C%22position%22%2C%22upvotes%22%2C%22company_name%22%2C%22source_name%22%2C%22difficulty%22%2C%22source_url%22%2C%22is_duplicate%22%2C%22scraped_at%22%2C%22position_level%22%2C%22company_slug%22%2C%22is_verified%22%2C%22question_text%22%2C%22interview_date%22 "HTTP/2 201 Created"
2026-09-12 21:11:29,967 - httpx - INFO - HTTP Request: POST https://jmrbyubrrpxxvotsljms.supabase.co/rest/v1/interview_questions?columns=%22created_at%22%2C%22question_type%22%2C%22question_title%22%2C%22interview_round%22%2C%22position%22%2C%22upvotes%22%2C%22company_name%22%2C%22source_name%22%2C%22difficulty%22%2C%22source_url%22%2C%22is_duplicate%22%2C%22scraped_at%22%2C%22position_level%22%2C%22company_slug%22%2C%22is_verified%22%2C%22question_text%22%2C%22interview_date%22 "HTTP/2 201 Created"
2026-09-12 21:11:30,023 - httpx - INFO - HTTP Request: POST https://jmrbyubrrpxxvotsljms.supabase.co/rest/v1/interview_questions?columns=%22created_at%22%2C%22question_type%22%2C%22question_title%22%2C%22interview_round%22%2C%22position%22%2C%22upvotes%22%2C%22company_name%22%2C%22source_name%22%2C%22difficulty%22%2C%22source_url%22%2C%22is_duplicate%22%2C%22scraped_at%22%2C%22position_level%22%2C%22company_slug%22%2C%22is_verified%22%2C%22question_text%22%2C%22interview_date%22 "HTTP/2 201 Created"
2026-09-12 21:11:30,080 - httpx - INFO - HTTP Request: POST https://jmrbyubrrpxxvotsljms.supabase.co/rest/v1/interview_questions?columns=%22created_at%22%2C%22question_type%22%2C%22question_title%22%2C%22interview_round%22%2C%22position%22%2C%22upvotes%22%2C%22company_name%22%2C%22source_name%22%2C%22difficulty%22%2C%22source_url%22%2C%22is_duplicate%22%2C%22scraped_at%22%2C%22position_level%22%2C%22company_slug%22%2C%22is_verified%22%2C%22question_text%22%2C%22interview_date%22 "HTTP/2 201 Created"
2026-09-12 21:11:30,097 - httpx - INFO - HTTP Request: POST https://jmrbyubrrpxxvotsljms.supabase.co/rest/v1/interview_questions?columns=%22created_at%22%2C%22question_type%22%2C%22question_title%22%2C%22interview_round%22%2C%22position%22%2C%22upvotes%22%2C%22company_name%22%2C%22source_name%22%2C%22difficulty%22%2C%22source_url%22%2C%22is_duplicate%22%2C%22scraped_at%22%2C%22position_level%22%2C%22company_slug%22%2C%22is_verified%22%2C%22question_text%22%2C%22interview_date%22 "HTTP/2 201 Created"
2026-09-12 21:11:30,127 - httpx - INFO - HTTP Request: POST https://jmrbyubrrpxxvotsljms.supabase.co/rest/v1/interview_questions?columns=%22created_at%22%2C%22question_type%22%2C%22question_title%22%2C%22interview_round%22%2C%22position%22%2C%22upvotes%22%2C%22company_name%22%2C%22source_name%22%2C%22difficulty%22%2C%22source_url%22%2C%22is_duplicate%22%2C%22scraped_at%22%2C%22position_level%22%2C%22company_slug%22%2C%22is_verified%22%2C%22question_text%22%2C%22interview_date%22 "HTTP/2 201 Created"
2026-09-12 21:11:30,313 - httpx - INFO - HTTP Request: POST https://jmrbyubrrpxxvotsljms.supabase.co/rest/v1/interview_questions?columns=%22created_at%22%2C%22question_type%22%2C%22question_title%22%2C%22interview_round%22%2C%22position%22%2C%22upvotes%22%2C%22company_name%22%2C%22source_name%22%2C%22difficulty%22%2C%22source_url%22%2C%22is_duplicate%22%2C%22scraped_at%22%2C%22position_level%22%2C%22company_slug%22%2C%22is_verified%22%2C%22question_text%22%2C%22interview_date%22 "HTTP/2 201 Created"
2026-09-12 21:11:30,372 - httpx - INFO - HTTP Request: POST https://jmrbyubrrpxxvotsljms.supabase.co/rest/v1/interview_questions?columns=%22created_at%22%2C%22question_type%22%2C%22question_title%22%2C%22interview_round%22%2C%22position%22%2C%22upvotes%22%2C%22company_name%22%2C%22source_name%22%2C%22difficulty%22%2C%22source_url%22%2C%22is_duplicate%22%2C%22scraped_at%22%2C%22position_level%22%2C%22company_slug%22%2C%22is_verified%22%2C%22question_text%22%2C%22interview_date%22 "HTTP/2 201 Created"
2026-09-12 21:11:30,385 - interview_orchestrator - INFO - Saved 1474 new, 0 updated questions (0 skipped) in 1631ms
2026-09-12 21:11:30,518 - httpx - INFO - HTTP Request: POST https://jmrbyubrrpxxvotsljms.supabase.co/rest/v1/interview_sources?on_conflict=source_name "HTTP/2 200 OK"
2026-09-12 21:11:30,528 - interview_orchestrator - INFO - Completed github_repos: completed, found=5650, new=1474, duration=283.5s
2026-09-12 21:11:30,528 - interview_orchestrator - INFO - Orchestrator complete: 1/1 succeeded, 0 failed, 0 skipped, total questions: 1474 new, duration: 284.7s
2026-09-12 21:19:44,734 - interview_orchestrator - INFO - Starting orchestrator run: interview_scrape_20260913_041944
2026-09-12 21:19:44,735 - interview_orchestrator - INFO - Date range: 2024-09-23 to 2026-09-13
2026-09-12 21:19:44,735 - interview_orchestrator - INFO - Max concurrency: 5, Incremental: False
2026-09-12 21:19:45,672 - httpx - INFO - HTTP Request: GET https://jmrbyubrrpxxvotsljms.supabase.co/rest/v1/interview_questions?select=id "HTTP/2 200 OK"
2026-09-12 21:19:45,680 - interview_orchestrator - INFO - Loaded 479 existing question hashes
2026-09-12 21:19:45,681 - interview_orchestrator - INFO - Running 1 scrapers
2026-09-12 21:19:45,681 - interview_orchestrator - INFO - Running priority 2 scrapers: ['github_repos']
2026-09-12 21:19:45,682 - interview_orchestrator - INFO - Starting scraper: github_repos
2026-09-12 21:19:45,842 - httpx - INFO - HTTP Request: GET https://jmrbyubrrpxxvotsljms.supabase.co/rest/v1/interview_sources?select=last_scraped&source_name=eq.github_repos "HTTP/2 406 Not Acceptable"
2026-09-12 21:19:45,847 - interview_orchestrator - WARNING - Could not check last run for github_repos: {'message': 'Cannot coerce the result to a single JSON object', 'code': 'PGRST116', 'hint': None, 'details': 'The result contains 0 rows'}
2026-09-12 21:24:46,215 - interview_orchestrator - WARNING - github_repos timed out, retrying (1/3)
2026-09-12 21:29:47,234 - interview_orchestrator - WARNING - github_repos timed out, retrying (2/3)
2026-09-12 21:32:10,476 - interview_orchestrator - INFO - Starting orchestrator run: interview_scrape_20260913_043210
2026-09-12 21:32:10,476 - interview_orchestrator - INFO - Date range: 2024-09-23 to 2026-09-13
2026-09-12 21:32:10,476 - interview_orchestrator - INFO - Max concurrency: 5, Incremental: False
2026-09-12 21:32:11,388 - httpx - INFO - HTTP Request: GET https://jmrbyubrrpxxvotsljms.supabase.co/rest/v1/interview_questions?select=id "HTTP/2 200 OK"
2026-09-12 21:32:11,393 - interview_orchestrator - INFO - Loaded 479 existing question hashes
2026-09-12 21:32:11,393 - interview_orchestrator - INFO - Running 1 scrapers
2026-09-12 21:32:11,393 - interview_orchestrator - INFO - Running priority 2 scrapers: ['github_repos']
2026-09-12 21:32:11,393 - interview_orchestrator - INFO - Starting scraper: github_repos
2026-09-12 21:32:11,634 - httpx - INFO - HTTP Request: GET https://jmrbyubrrpxxvotsljms.supabase.co/rest/v1/interview_sources?select=last_scraped&source_name=eq.github_repos "HTTP/2 406 Not Acceptable"
2026-09-12 21:32:11,634 - interview_orchestrator - WARNING - Could not check last run for github_repos: {'message': 'Cannot coerce the result to a single JSON object', 'code': 'PGRST116', 'hint': None, 'details': 'The result contains 0 rows'}
2026-09-12 21:34:49,253 - interview_orchestrator - INFO - github_repos: Found 0, unique 0, duplicates 0
2026-09-12 21:34:49,834 - httpx - INFO - HTTP Request: POST https://jmrbyubrrpxxvotsljms.supabase.co/rest/v1/interview_sources?on_conflict=source_name "HTTP/2 201 Created"
2026-09-12 21:34:49,836 - interview_orchestrator - INFO - Completed github_repos: completed, found=0, new=0, duration=904.2s
2026-09-12 21:34:49,836 - interview_orchestrator - INFO - Orchestrator complete: 1/1 succeeded, 0 failed, 0 skipped, total questions: 0 new, duration: 905.1s
2026-09-12 21:36:51,606 - interview_orchestrator - INFO - github_repos: Found 20631, unique 20631, duplicates 0
2026-09-12 21:36:53,849 - httpx - INFO - HTTP Request: GET https://jmrbyubrrpxxvotsljms.supabase.co/rest/v1/interview_questions?select=company_name%2Cquestion_text%2Csource_name%2Cid&order=id.asc&offset=0&limit=1000 "HTTP/2 200 OK"
2026-09-12 21:36:53,871 - db_optimizer - INFO - Loaded 479 content hashes
2026-09-12 21:36:53,919 - db_optimizer - INFO - Deduplication: 20631 -> 20598 (33 duplicates)
2026-09-12 21:36:55,002 - httpx - INFO - HTTP Request: POST https://jmrbyubrrpxxvotsljms.supabase.co/rest/v1/interview_questions?columns=%22question_type%22%2C%22is_duplicate%22%2C%22company_slug%22%2C%22difficulty%22%2C%22source_url%22%2C%22source_name%22%2C%22position_level%22%2C%22position%22%2C%22interview_round%22%2C%22interview_date%22%2C%22scraped_at%22%2C%22company_name%22%2C%22upvotes%22%2C%22question_text%22%2C%22created_at%22%2C%22is_verified%22%2C%22question_title%22 "HTTP/2 201 Created"
2026-09-12 21:36:55,073 - httpx - INFO - HTTP Request: POST https://jmrbyubrrpxxvotsljms.supabase.co/rest/v1/interview_questions?columns=%22question_type%22%2C%22is_duplicate%22%2C%22company_slug%22%2C%22difficulty%22%2C%22source_url%22%2C%22source_name%22%2C%22position_level%22%2C%22position%22%2C%22interview_round%22%2C%22interview_date%22%2C%22scraped_at%22%2C%22company_name%22%2C%22upvotes%22%2C%22question_text%22%2C%22created_at%22%2C%22is_verified%22%2C%22question_title%22 "HTTP/2 201 Created"
2026-09-12 21:36:55,136 - httpx - INFO - HTTP Request: POST https://jmrbyubrrpxxvotsljms.supabase.co/rest/v1/interview_questions?columns=%22question_type%22%2C%22is_duplicate%22%2C%22company_slug%22%2C%22difficulty%22%2C%22source_url%22%2C%22source_name%22%2C%22position_level%22%2C%22position%22%2C%22interview_round%22%2C%22interview_date%22%2C%22scraped_at%22%2C%22company_name%22%2C%22upvotes%22%2C%22question_text%22%2C%22created_at%22%2C%22is_verified%22%2C%22question_title%22 "HTTP/2 201 Created"
2026-09-12 21:36:55,451 - httpx - INFO - HTTP Request: POST https://jmrbyubrrpxxvotsljms.supabase.co/rest/v1/interview_questions?columns=%22question_type%22%2C%22is_duplicate%22%2C%22company_slug%22%2C%22difficulty%22%2C%22source_url%22%2C%22source_name%22%2C%22position_level%22%2C%22position%22%2C%22interview_round%22%2C%22interview_date%22%2C%22scraped_at%22%2C%22company_name%22%2C%22upvotes%22%2C%22question_text%22%2C%22created_at%22%2C%22is_verified%22%2C%22question_title%22 "HTTP/2 201 Created"
2026-09-12 21:36:55,507 - httpx - INFO - HTTP Request: POST https://jmrbyubrrpxxvotsljms.supabase.co/rest/v1/interview_questions?columns=%22question_type%22%2C%22is_duplicate%22%2C%22company_slug%22%2C%22difficulty%22%2C%22source_url%22%2C%22source_name%22%2C%22position_level%22%2C%22position%22%2C%22interview_round%22%2C%22interview_date%22%2C%22scraped_at%22%2C%22company_name%22%2C%22upvotes%22%2C%22question_text%22%2C%22created_at%22%2C%22is_verified%22%2C%22question_title%22 "HTTP/2 201 Created"
2026-09-12 21:36:55,524 - httpx - INFO - HTTP Request: POST https://jmrbyubrrpxxvotsljms.supabase.co/rest/v1/interview_questions?columns=%22question_type%22%2C%22is_duplicate%22%2C%22company_slug%22%2C%22difficulty%22%2C%22source_url%22%2C%22source_name%22%2C%22position_level%22%2C%22position%22%2C%22interview_round%22%2C%22interview_date%22%2C%22scraped_at%22%2C%22company_name%22%2C%22upvotes%22%2C%22question_text%22%2C%22created_at%22%2C%22is_verified%22%2C%22question_title%22 "HTTP/2 201 Created"
2026-09-12 21:36:55,574 - httpx - INFO - HTTP Request: POST https://jmrbyubrrpxxvotsljms.supabase.co/rest/v1/interview_questions?columns=%22question_type%22%2C%22is_duplicate%22%2C%22company_slug%22%2C%22difficulty%22%2C%22source_url%22%2C%22source_name%22%2C%22position_level%22%2C%22position%22%2C%22interview_round%22%2C%22interview_date%22%2C%22scraped_at%22%2C%22company_name%22%2C%22upvotes%22%2C%22question_text%22%2C%22created_at%22%2C%22is_verified%22%2C%22question_title%22 "HTTP/2 201 Created"
2026-09-12 21:36:55,647 - httpx - INFO - HTTP Request: POST https://jmrbyubrrpxxvotsljms.supabase.co/rest/v1/interview_questions?columns=%22question_type%22%2C%22is_duplicate%22%2C%22company_slug%22%2C%22difficulty%22%2C%22source_url%22%2C%22source_name%22%2C%22position_level%22%2C%22position%22%2C%22interview_round%22%2C%22interview_date%22%2C%22scraped_at%22%2C%22company_name%22%2C%22upvotes%22%2C%22question_text%22%2C%22created_at%22%2C%22is_verified%22%2C%22question_title%22 "HTTP/2 201 Created"
2026-09-12 21:36:55,678 - httpx - INFO - HTTP Request: POST https://jmrbyubrrpxxvotsljms.supabase.co/rest/v1/interview_questions?columns=%22question_type%22%2C%22is_duplicate%22%2C%22company_slug%22%2C%22difficulty%22%2C%22source_url%22%2C%22source_name%22%2C%22position_level%22%2C%22position%22%2C%22interview_round%22%2C%22interview_date%22%2C%22scraped_at%22%2C%22company_name%22%2C%22upvotes%22%2C%22question_text%22%2C%22created_at%22%2C%22is_verified%22%2C%22question_title%22 "HTTP/2 201 Created"
2026-09-12 21:36:55,721 - httpx - INFO - HTTP Request: POST https://jmrbyubrrpxxvotsljms.supabase.co/rest/v1/interview_questions?columns=%22question_type%22%2C%22is_duplicate%22%2C%22company_slug%22%2C%22difficulty%22%2C%22source_url%22%2C%22source_name%22%2C%22position_level%22%2C%22position%22%2C%22interview_round%22%2C%22interview_date%22%2C%22scraped_at%22%2C%22company_name%22%2C%22upvotes%22%2C%22question_text%22%2C%22created_at%22%2C%22is_verified%22%2C%22question_title%22 "HTTP/2 201 Created"
2026-09-12 21:36:55,804 - httpx - INFO - HTTP Request: POST https://jmrbyubrrpxxvotsljms.supabase.co/rest/v1/interview_questions?columns=%22question_type%22%2C%22is_duplicate%22%2C%22company_slug%22%2C%22difficulty%22%2C%22source_url%22%2C%22source_name%22%2C%22position_level%22%2C%22position%22%2C%22interview_round%22%2C%22interview_date%22%2C%22scraped_at%22%2C%22company_name%22%2C%22upvotes%22%2C%22question_text%22%2C%22created_at%22%2C%22is_verified%22%2C%22question_title%22 "HTTP/2 201 Created"
2026-09-12 21:36:55,840 - httpx - INFO - HTTP Request: POST https://jmrbyubrrpxxvotsljms.supabase.co/rest/v1/interview_questions?columns=%22question_type%22%2C%22is_duplicate%22%2C%22company_slug%22%2C%22difficulty%22%2C%22source_url%22%2C%22source_name%22%2C%22position_level%22%2C%22position%22%2C%22interview_round%22%2C%22interview_date%22%2C%22scraped_at%22%2C%22company_name%22%2C%22upvotes%22%2C%22question_text%22%2C%22created_at%22%2C%22is_verified%22%2C%22question_title%22 "HTTP/2 201 Created"
2026-09-12 21:36:55,855 - httpx - INFO - HTTP Request: POST https://jmrbyubrrpxxvotsljms.supabase.co/rest/v1/interview_questions?columns=%22question_type%22%2C%22is_duplicate%22%2C%22company_slug%22%2C%22difficulty%22%2C%22source_url%22%2C%22source_name%22%2C%22position_level%22%2C%22position%22%2C%22interview_round%22%2C%22interview_date%22%2C%22scraped_at%22%2C%22company_name%22%2C%22upvotes%22%2C%22question_text%22%2C%22created_at%22%2C%22is_verified%22%2C%22question_title%22 "HTTP/2 201 Created"
2026-09-12 21:36:55,918 - httpx - INFO - HTTP Request: POST https://jmrbyubrrpxxvotsljms.supabase.co/rest/v1/interview_questions?columns=%22question_type%22%2C%22is_duplicate%22%2C%22company_slug%22%2C%22difficulty%22%2C%22source_url%22%2C%22source_name%22%2C%22position_level%22%2C%22position%22%2C%22interview_round%22%2C%22interview_date%22%2C%22scraped_at%22%2C%22company_name%22%2C%22upvotes%22%2C%22question_text%22%2C%22created_at%22%2C%22is_verified%22%2C%22question_title%22 "HTTP/2 201 Created"
2026-09-12 21:36:55,955 - httpx - INFO - HTTP Request: POST https://jmrbyubrrpxxvotsljms.supabase.co/rest/v1/interview_questions?columns=%22question_type%22%2C%22is_duplicate%22%2C%22company_slug%22%2C%22difficulty%22%2C%22source_url%22%2C%22source_name%22%2C%22position_level%22%2C%22position%22%2C%22interview_round%22%2C%22interview_date%22%2C%22scraped_at%22%2C%22company_name%22%2C%22upvotes%22%2C%22question_text%22%2C%22created_at%22%2C%22is_verified%22%2C%22question_title%22 "HTTP/2 201 Created"
2026-09-12 21:36:55,971 - httpx - INFO - HTTP Request: POST https://jmrbyubrrpxxvotsljms.supabase.co/rest/v1/interview_questions?columns=%22question_type%22%2C%22is_duplicate%22%2C%22company_slug%22%2C%22difficulty%22%2C%22source_url%22%2C%22source_name%22%2C%22position_level%22%2C%22position%22%2C%22interview_round%22%2C%22interview_date%22%2C%22scraped_at%22%2C%22company_name%22%2C%22upvotes%22%2C%22question_text%22%2C%22created_at%22%2C%22is_verified%22%2C%22question_title%22 "HTTP/2 201 Created"
2026-09-12 21:36:56,029 - httpx - INFO - HTTP Request: POST https://jmrbyubrrpxxvotsljms.supabase.co/rest/v1/interview_questions?columns=%22question_type%22%2C%22is_duplicate%22%2C%22company_slug%22%2C%22difficulty%22%2C%22source_url%22%2C%22source_name%22%2C%22position_level%22%2C%22position%22%2C%22interview_round%22%2C%22interview_date%22%2C%22scraped_at%22%2C%22company_name%22%2C%22upvotes%22%2C%22question_text%22%2C%22created_at%22%2C%22is_verified%22%2C%22question_title%22 "HTTP/2 201 Created"
2026-09-12 21:36:56,067 - httpx - INFO - HTTP Request: POST https://jmrbyubrrpxxvotsljms.supabase.co/rest/v1/interview_questions?columns=%22question_type%22%2C%22is_duplicate%22%2C%22company_slug%22%2C%22difficulty%22%2C%22source_url%22%2C%22source_name%22%2C%22position_level%22%2C%22position%22%2C%22interview_round%22%2C%22interview_date%22%2C%22scraped_at%22%2C%22company_name%22%2C%22upvotes%22%2C%22question_text%22%2C%22created_at%22%2C%22is_verified%22%2C%22question_title%22 "HTTP/2 201 Created"
2026-09-12 21:36:56,076 - httpx - INFO - HTTP Request: POST https://jmrbyubrrpxxvotsljms.supabase.co/rest/v1/interview_questions?columns=%22question_type%22%2C%22is_duplicate%22%2C%22company_slug%22%2C%22difficulty%22%2C%22source_url%22%2C%22source_name%22%2C%22position_level%22%2C%22position%22%2C%22interview_round%22%2C%22interview_date%22%2C%22scraped_at%22%2C%22company_name%22%2C%22upvotes%22%2C%22question_text%22%2C%22created_at%22%2C%22is_verified%22%2C%22question_title%22 "HTTP/2 201 Created"
2026-09-12 21:36:56,141 - httpx - INFO - HTTP Request: POST https://jmrbyubrrpxxvotsljms.supabase.co/rest/v1/interview_questions?columns=%22question_type%22%2C%22is_duplicate%22%2C%22company_slug%22%2C%22difficulty%22%2C%22source_url%22%2C%22source_name%22%2C%22position_level%22%2C%22position%22%2C%22interview_round%22%2C%22interview_date%22%2C%22scraped_at%22%2C%22company_name%22%2C%22upvotes%22%2C%22question_text%22%2C%22created_at%22%2C%22is_verified%22%2C%22question_title%22 "HTTP/2 201 Created"
2026-09-12 21:36:56,200 - httpx - INFO - HTTP Request: POST https://jmrbyubrrpxxvotsljms.supabase.co/rest/v1/interview_questions?columns=%22question_type%22%2C%22is_duplicate%22%2C%22company_slug%22%2C%22difficulty%22%2C%22source_url%22%2C%22source_name%22%2C%22position_level%22%2C%22position%22%2C%22interview_round%22%2C%22interview_date%22%2C%22scraped_at%22%2C%22company_name%22%2C%22upvotes%22%2C%22question_text%22%2C%22created_at%22%2C%22is_verified%22%2C%22question_title%22 "HTTP/2 201 Created"
2026-09-12 21:36:56,208 - httpx - INFO - HTTP Request: POST https://jmrbyubrrpxxvotsljms.supabase.co/rest/v1/interview_questions?columns=%22question_type%22%2C%22is_duplicate%22%2C%22company_slug%22%2C%22difficulty%22%2C%22source_url%22%2C%22source_name%22%2C%22position_level%22%2C%22position%22%2C%22interview_round%22%2C%22interview_date%22%2C%22scraped_at%22%2C%22company_name%22%2C%22upvotes%22%2C%22question_text%22%2C%22created_at%22%2C%22is_verified%22%2C%22question_title%22 "HTTP/2 201 Created"
2026-09-12 21:36:56,255 - httpx - INFO - HTTP Request: POST https://jmrbyubrrpxxvotsljms.supabase.co/rest/v1/interview_questions?columns=%22question_type%22%2C%22is_duplicate%22%2C%22company_slug%22%2C%22difficulty%22%2C%22source_url%22%2C%22source_name%22%2C%22position_level%22%2C%22position%22%2C%22interview_round%22%2C%22interview_date%22%2C%22scraped_at%22%2C%22company_name%22%2C%22upvotes%22%2C%22question_text%22%2C%22created_at%22%2C%22is_verified%22%2C%22question_title%22 "HTTP/2 201 Created"
2026-09-12 21:36:56,311 - httpx - INFO - HTTP Request: POST https://jmrbyubrrpxxvotsljms.supabase.co/rest/v1/interview_questions?columns=%22question_type%22%2C%22is_duplicate%22%2C%22company_slug%22%2C%22difficulty%22%2C%22source_url%22%2C%22source_name%22%2C%22position_level%22%2C%22position%22%2C%22interview_round%22%2C%22interview_date%22%2C%22scraped_at%22%2C%22company_name%22%2C%22upvotes%22%2C%22question_text%22%2C%22created_at%22%2C%22is_verified%22%2C%22question_title%22 "HTTP/2 201 Created"
2026-09-12 21:36:56,327 - httpx - INFO - HTTP Request: POST https://jmrbyubrrpxxvotsljms.supabase.co/rest/v1/interview_questions?columns=%22question_type%22%2C%22is_duplicate%22%2C%22company_slug%22%2C%22difficulty%22%2C%22source_url%22%2C%22source_name%22%2C%22position_level%22%2C%22position%22%2C%22interview_round%22%2C%22interview_date%22%2C%22scraped_at%22%2C%22company_name%22%2C%22upvotes%22%2C%22question_text%22%2C%22created_at%22%2C%22is_verified%22%2C%22question_title%22 "HTTP/2 201 Created"
2026-09-12 21:36:56,363 - httpx - INFO - HTTP Request: POST https://jmrbyubrrpxxvotsljms.supabase.co/rest/v1/interview_questions?columns=%22question_type%22%2C%22is_duplicate%22%2C%22company_slug%22%2C%22difficulty%22%2C%22source_url%22%2C%22source_name%22%2C%22position_level%22%2C%22position%22%2C%22interview_round%22%2C%22interview_date%22%2C%22scraped_at%22%2C%22company_name%22%2C%22upvotes%22%2C%22question_text%22%2C%22created_at%22%2C%22is_verified%22%2C%22question_title%22 "HTTP/2 201 Created"
2026-09-12 21:36:56,435 - httpx - INFO - HTTP Request: POST https://jmrbyubrrpxxvotsljms.supabase.co/rest/v1/interview_questions?columns=%22question_type%22%2C%22is_duplicate%22%2C%22company_slug%22%2C%22difficulty%22%2C%22source_url%22%2C%22source_name%22%2C%22position_level%22%2C%22position%22%2C%22interview_round%22%2C%22interview_date%22%2C%22scraped_at%22%2C%22company_name%22%2C%22upvotes%22%2C%22question_text%22%2C%22created_at%22%2C%22is_verified%22%2C%22question_title%22 "HTTP/2 201 Created"
2026-09-12 21:36:56,456 - httpx - INFO - HTTP Request: POST https://jmrbyubrrpxxvotsljms.supabase.co/rest/v1/interview_questions?columns=%22question_type%22%2C%22is_duplicate%22%2C%22company_slug%22%2C%22difficulty%22%2C%22source_url%22%2C%22source_name%22%2C%22position_level%22%2C%22position%22%2C%22interview_round%22%2C%22interview_date%22%2C%22scraped_at%22%2C%22company_name%22%2C%22upvotes%22%2C%22question_text%22%2C%22created_at%22%2C%22is_verified%22%2C%22question_title%22 "HTTP/2 201 Created"
2026-09-12 21:36:56,469 - httpx - INFO - HTTP Request: POST https://jmrbyubrrpxxvotsljms.supabase.co/rest/v1/interview_questions?columns=%22question_type%22%2C%22is_duplicate%22%2C%22company_slug%22%2C%22difficulty%22%2C%22source_url%22%2C%22source_name%22%2C%22position_level%22%2C%22position%22%2C%22interview_round%22%2C%22interview_date%22%2C%22scraped_at%22%2C%22company_name%22%2C%22upvotes%22%2C%22question_text%22%2C%22created_at%22%2C%22is_verified%22%2C%22question_title%22 "HTTP/2 201 Created"
2026-09-12 21:36:56,555 - httpx - INFO - HTTP Request: POST https://jmrbyubrrpxxvotsljms.supabase.co/rest/v1/interview_questions?columns=%22question_type%22%2C%22is_duplicate%22%2C%22company_slug%22%2C%22difficulty%22%2C%22source_url%22%2C%22source_name%22%2C%22position_level%22%2C%22position%22%2C%22interview_round%22%2C%22interview_date%22%2C%22scraped_at%22%2C%22company_name%22%2C%22upvotes%22%2C%22question_text%22%2C%22created_at%22%2C%22is_verified%22%2C%22question_title%22 "HTTP/2 201 Created"
2026-09-12 21:36:56,567 - httpx - INFO - HTTP Request: POST https://jmrbyubrrpxxvotsljms.supabase.co/rest/v1/interview_questions?columns=%22question_type%22%2C%22is_duplicate%22%2C%22company_slug%22%2C%22difficulty%22%2C%22source_url%22%2C%22source_name%22%2C%22position_level%22%2C%22position%22%2C%22interview_round%22%2C%22interview_date%22%2C%22scraped_at%22%2C%22company_name%22%2C%22upvotes%22%2C%22question_text%22%2C%22created_at%22%2C%22is_verified%22%2C%22question_title%22 "HTTP/2 201 Created"
2026-09-12 21:36:56,581 - httpx - INFO - HTTP Request: POST https://jmrbyubrrpxxvotsljms.supabase.co/rest/v1/interview_questions?columns=%22question_type%22%2C%22is_duplicate%22%2C%22company_slug%22%2C%22difficulty%22%2C%22source_url%22%2C%22source_name%22%2C%22position_level%22%2C%22position%22%2C%22interview_round%22%2C%22interview_date%22%2C%22scraped_at%22%2C%22company_name%22%2C%22upvotes%22%2C%22question_text%22%2C%22created_at%22%2C%22is_verified%22%2C%22question_title%22 "HTTP/2 201 Created"
2026-09-12 21:36:56,672 - httpx - INFO - HTTP Request: POST https://jmrbyubrrpxxvotsljms.supabase.co/rest/v1/interview_questions?columns=%22question_type%22%2C%22is_duplicate%22%2C%22company_slug%22%2C%22difficulty%22%2C%22source_url%22%2C%22source_name%22%2C%22position_level%22%2C%22position%22%2C%22interview_round%22%2C%22interview_date%22%2C%22scraped_at%22%2C%22company_name%22%2C%22upvotes%22%2C%22question_text%22%2C%22created_at%22%2C%22is_verified%22%2C%22question_title%22 "HTTP/2 201 Created"
2026-09-12 21:36:56,693 - httpx - INFO - HTTP Request: POST https://jmrbyubrrpxxvotsljms.supabase.co/rest/v1/interview_questions?columns=%22question_type%22%2C%22is_duplicate%22%2C%22company_slug%22%2C%22difficulty%22%2C%22source_url%22%2C%22source_name%22%2C%22position_level%22%2C%22position%22%2C%22interview_round%22%2C%22interview_date%22%2C%22scraped_at%22%2C%22company_name%22%2C%22upvotes%22%2C%22question_text%22%2C%22created_at%22%2C%22is_verified%22%2C%22question_title%22 "HTTP/2 201 Created"
2026-09-12 21:36:56,693 - httpx - INFO - HTTP Request: POST https://jmrbyubrrpxxvotsljms.supabase.co/rest/v1/interview_questions?columns=%22question_type%22%2C%22is_duplicate%22%2C%22company_slug%22%2C%22difficulty%22%2C%22source_url%22%2C%22source_name%22%2C%22position_level%22%2C%22position%22%2C%22interview_round%22%2C%22interview_date%22%2C%22scraped_at%22%2C%22company_name%22%2C%22upvotes%22%2C%22question_text%22%2C%22created_at%22%2C%22is_verified%22%2C%22question_title%22 "HTTP/2 201 Created"
2026-09-12 21:36:56,780 - httpx - INFO - HTTP Request: POST https://jmrbyubrrpxxvotsljms.supabase.co/rest/v1/interview_questions?columns=%22question_type%22%2C%22is_duplicate%22%2C%22company_slug%22%2C%22difficulty%22%2C%22source_url%22%2C%22source_name%22%2C%22position_level%22%2C%22position%22%2C%22interview_round%22%2C%22interview_date%22%2C%22scraped_at%22%2C%22company_name%22%2C%22upvotes%22%2C%22question_text%22%2C%22created_at%22%2C%22is_verified%22%2C%22question_title%22 "HTTP/2 201 Created"
2026-09-12 21:36:56,803 - httpx - INFO - HTTP Request: POST https://jmrbyubrrpxxvotsljms.supabase.co/rest/v1/interview_questions?columns=%22question_type%22%2C%22is_duplicate%22%2C%22company_slug%22%2C%22difficulty%22%2C%22source_url%22%2C%22source_name%22%2C%22position_level%22%2C%22position%22%2C%22interview_round%22%2C%22interview_date%22%2C%22scraped_at%22%2C%22company_name%22%2C%22upvotes%22%2C%22question_text%22%2C%22created_at%22%2C%22is_verified%22%2C%22question_title%22 "HTTP/2 201 Created"
2026-09-12 21:36:56,816 - httpx - INFO - HTTP Request: POST https://jmrbyubrrpxxvotsljms.supabase.co/rest/v1/interview_questions?columns=%22question_type%22%2C%22is_duplicate%22%2C%22company_slug%22%2C%22difficulty%22%2C%22source_url%22%2C%22source_name%22%2C%22position_level%22%2C%22position%22%2C%22interview_round%22%2C%22interview_date%22%2C%22scraped_at%22%2C%22company_name%22%2C%22upvotes%22%2C%22question_text%22%2C%22created_at%22%2C%22is_verified%22%2C%22question_title%22 "HTTP/2 201 Created"
2026-09-12 21:36:57,091 - httpx - INFO - HTTP Request: POST https://jmrbyubrrpxxvotsljms.supabase.co/rest/v1/interview_questions?columns=%22question_type%22%2C%22is_duplicate%22%2C%22company_slug%22%2C%22difficulty%22%2C%22source_url%22%2C%22source_name%22%2C%22position_level%22%2C%22position%22%2C%22interview_round%22%2C%22interview_date%22%2C%22scraped_at%22%2C%22company_name%22%2C%22upvotes%22%2C%22question_text%22%2C%22created_at%22%2C%22is_verified%22%2C%22question_title%22 "HTTP/2 201 Created"
2026-09-12 21:36:57,093 - httpx - INFO - HTTP Request: POST https://jmrbyubrrpxxvotsljms.supabase.co/rest/v1/interview_questions?columns=%22question_type%22%2C%22is_duplicate%22%2C%22company_slug%22%2C%22difficulty%22%2C%22source_url%22%2C%22source_name%22%2C%22position_level%22%2C%22position%22%2C%22interview_round%22%2C%22interview_date%22%2C%22scraped_at%22%2C%22company_name%22%2C%22upvotes%22%2C%22question_text%22%2C%22created_at%22%2C%22is_verified%22%2C%22question_title%22 "HTTP/2 201 Created"
2026-09-12 21:36:57,117 - httpx - INFO - HTTP Request: POST https://jmrbyubrrpxxvotsljms.supabase.co/rest/v1/interview_questions?columns=%22question_type%22%2C%22is_duplicate%22%2C%22company_slug%22%2C%22difficulty%22%2C%22source_url%22%2C%22source_name%22%2C%22position_level%22%2C%22position%22%2C%22interview_round%22%2C%22interview_date%22%2C%22scraped_at%22%2C%22company_name%22%2C%22upvotes%22%2C%22question_text%22%2C%22created_at%22%2C%22is_verified%22%2C%22question_title%22 "HTTP/2 201 Created"
2026-09-12 21:36:57,219 - httpx - INFO - HTTP Request: POST https://jmrbyubrrpxxvotsljms.supabase.co/rest/v1/interview_questions?columns=%22question_type%22%2C%22is_duplicate%22%2C%22company_slug%22%2C%22difficulty%22%2C%22source_url%22%2C%22source_name%22%2C%22position_level%22%2C%22position%22%2C%22interview_round%22%2C%22interview_date%22%2C%22scraped_at%22%2C%22company_name%22%2C%22upvotes%22%2C%22question_text%22%2C%22created_at%22%2C%22is_verified%22%2C%22question_title%22 "HTTP/2 201 Created"
2026-09-12 21:36:57,224 - httpx - INFO - HTTP Request: POST https://jmrbyubrrpxxvotsljms.supabase.co/rest/v1/interview_questions?columns=%22question_type%22%2C%22is_duplicate%22%2C%22company_slug%22%2C%22difficulty%22%2C%22source_url%22%2C%22source_name%22%2C%22position_level%22%2C%22position%22%2C%22interview_round%22%2C%22interview_date%22%2C%22scraped_at%22%2C%22company_name%22%2C%22upvotes%22%2C%22question_text%22%2C%22created_at%22%2C%22is_verified%22%2C%22question_title%22 "HTTP/2 201 Created"
2026-09-12 21:36:57,230 - httpx - INFO - HTTP Request: POST https://jmrbyubrrpxxvotsljms.supabase.co/rest/v1/interview_questions?columns=%22question_type%22%2C%22is_duplicate%22%2C%22company_slug%22%2C%22difficulty%22%2C%22source_url%22%2C%22source_name%22%2C%22position_level%22%2C%22position%22%2C%22interview_round%22%2C%22interview_date%22%2C%22scraped_at%22%2C%22company_name%22%2C%22upvotes%22%2C%22question_text%22%2C%22created_at%22%2C%22is_verified%22%2C%22question_title%22 "HTTP/2 201 Created"
2026-09-12 21:36:57,394 - httpx - INFO - HTTP Request: POST https://jmrbyubrrpxxvotsljms.supabase.co/rest/v1/interview_questions?columns=%22question_type%22%2C%22is_duplicate%22%2C%22company_slug%22%2C%22difficulty%22%2C%22source_url%22%2C%22source_name%22%2C%22position_level%22%2C%22position%22%2C%22interview_round%22%2C%22interview_date%22%2C%22scraped_at%22%2C%22company_name%22%2C%22upvotes%22%2C%22question_text%22%2C%22created_at%22%2C%22is_verified%22%2C%22question_title%22 "HTTP/2 201 Created"
2026-09-12 21:36:57,409 - httpx - INFO - HTTP Request: POST https://jmrbyubrrpxxvotsljms.supabase.co/rest/v1/interview_questions?columns=%22question_type%22%2C%22is_duplicate%22%2C%22company_slug%22%2C%22difficulty%22%2C%22source_url%22%2C%22source_name%22%2C%22position_level%22%2C%22position%22%2C%22interview_round%22%2C%22interview_date%22%2C%22scraped_at%22%2C%22company_name%22%2C%22upvotes%22%2C%22question_text%22%2C%22created_at%22%2C%22is_verified%22%2C%22question_title%22 "HTTP/2 201 Created"
2026-09-12 21:36:57,418 - httpx - INFO - HTTP Request: POST https://jmrbyubrrpxxvotsljms.supabase.co/rest/v1/interview_questions?columns=%22question_type%22%2C%22is_duplicate%22%2C%22company_slug%22%2C%22difficulty%22%2C%22source_url%22%2C%22source_name%22%2C%22position_level%22%2C%22position%22%2C%22interview_round%22%2C%22interview_date%22%2C%22scraped_at%22%2C%22company_name%22%2C%22upvotes%22%2C%22question_text%22%2C%22created_at%22%2C%22is_verified%22%2C%22question_title%22 "HTTP/2 201 Created"
2026-09-12 21:36:57,510 - httpx - INFO - HTTP Request: POST https://jmrbyubrrpxxvotsljms.supabase.co/rest/v1/interview_questions?columns=%22question_type%22%2C%22is_duplicate%22%2C%22company_slug%22%2C%22difficulty%22%2C%22source_url%22%2C%22source_name%22%2C%22position_level%22%2C%22position%22%2C%22interview_round%22%2C%22interview_date%22%2C%22scraped_at%22%2C%22company_name%22%2C%22upvotes%22%2C%22question_text%22%2C%22created_at%22%2C%22is_verified%22%2C%22question_title%22 "HTTP/2 201 Created"
2026-09-12 21:36:57,526 - httpx - INFO - HTTP Request: POST https://jmrbyubrrpxxvotsljms.supabase.co/rest/v1/interview_questions?columns=%22question_type%22%2C%22is_duplicate%22%2C%22company_slug%22%2C%22difficulty%22%2C%22source_url%22%2C%22source_name%22%2C%22position_level%22%2C%22position%22%2C%22interview_round%22%2C%22interview_date%22%2C%22scraped_at%22%2C%22company_name%22%2C%22upvotes%22%2C%22question_text%22%2C%22created_at%22%2C%22is_verified%22%2C%22question_title%22 "HTTP/2 201 Created"
2026-09-12 21:36:57,528 - httpx - INFO - HTTP Request: POST https://jmrbyubrrpxxvotsljms.supabase.co/rest/v1/interview_questions?columns=%22question_type%22%2C%22is_duplicate%22%2C%22company_slug%22%2C%22difficulty%22%2C%22source_url%22%2C%22source_name%22%2C%22position_level%22%2C%22position%22%2C%22interview_round%22%2C%22interview_date%22%2C%22scraped_at%22%2C%22company_name%22%2C%22upvotes%22%2C%22question_text%22%2C%22created_at%22%2C%22is_verified%22%2C%22question_title%22 "HTTP/2 201 Created"
2026-09-12 21:36:57,628 - httpx - INFO - HTTP Request: POST https://jmrbyubrrpxxvotsljms.supabase.co/rest/v1/interview_questions?columns=%22question_type%22%2C%22is_duplicate%22%2C%22company_slug%22%2C%22difficulty%22%2C%22source_url%22%2C%22source_name%22%2C%22position_level%22%2C%22position%22%2C%22interview_round%22%2C%22interview_date%22%2C%22scraped_at%22%2C%22company_name%22%2C%22upvotes%22%2C%22question_text%22%2C%22created_at%22%2C%22is_verified%22%2C%22question_title%22 "HTTP/2 201 Created"
2026-09-12 21:36:57,694 - httpx - INFO - HTTP Request: POST https://jmrbyubrrpxxvotsljms.supabase.co/rest/v1/interview_questions?columns=%22question_type%22%2C%22is_duplicate%22%2C%22company_slug%22%2C%22difficulty%22%2C%22source_url%22%2C%22source_name%22%2C%22position_level%22%2C%22position%22%2C%22interview_round%22%2C%22interview_date%22%2C%22scraped_at%22%2C%22company_name%22%2C%22upvotes%22%2C%22question_text%22%2C%22created_at%22%2C%22is_verified%22%2C%22question_title%22 "HTTP/2 201 Created"
2026-09-12 21:36:57,712 - httpx - INFO - HTTP Request: POST https://jmrbyubrrpxxvotsljms.supabase.co/rest/v1/interview_questions?columns=%22question_type%22%2C%22is_duplicate%22%2C%22company_slug%22%2C%22difficulty%22%2C%22source_url%22%2C%22source_name%22%2C%22position_level%22%2C%22position%22%2C%22interview_round%22%2C%22interview_date%22%2C%22scraped_at%22%2C%22company_name%22%2C%22upvotes%22%2C%22question_text%22%2C%22created_at%22%2C%22is_verified%22%2C%22question_title%22 "HTTP/2 201 Created"
2026-09-12 21:36:57,744 - httpx - INFO - HTTP Request: POST https://jmrbyubrrpxxvotsljms.supabase.co/rest/v1/interview_questions?columns=%22question_type%22%2C%22is_duplicate%22%2C%22company_slug%22%2C%22difficulty%22%2C%22source_url%22%2C%22source_name%22%2C%22position_level%22%2C%22position%22%2C%22interview_round%22%2C%22interview_date%22%2C%22scraped_at%22%2C%22company_name%22%2C%22upvotes%22%2C%22question_text%22%2C%22created_at%22%2C%22is_verified%22%2C%22question_title%22 "HTTP/2 201 Created"
2026-09-12 21:36:57,814 - httpx - INFO - HTTP Request: POST https://jmrbyubrrpxxvotsljms.supabase.co/rest/v1/interview_questions?columns=%22question_type%22%2C%22is_duplicate%22%2C%22company_slug%22%2C%22difficulty%22%2C%22source_url%22%2C%22source_name%22%2C%22position_level%22%2C%22position%22%2C%22interview_round%22%2C%22interview_date%22%2C%22scraped_at%22%2C%22company_name%22%2C%22upvotes%22%2C%22question_text%22%2C%22created_at%22%2C%22is_verified%22%2C%22question_title%22 "HTTP/2 201 Created"
2026-09-12 21:36:57,827 - httpx - INFO - HTTP Request: POST https://jmrbyubrrpxxvotsljms.supabase.co/rest/v1/interview_questions?columns=%22question_type%22%2C%22is_duplicate%22%2C%22company_slug%22%2C%22difficulty%22%2C%22source_url%22%2C%22source_name%22%2C%22position_level%22%2C%22position%22%2C%22interview_round%22%2C%22interview_date%22%2C%22scraped_at%22%2C%22company_name%22%2C%22upvotes%22%2C%22question_text%22%2C%22created_at%22%2C%22is_verified%22%2C%22question_title%22 "HTTP/2 201 Created"
2026-09-12 21:36:57,854 - httpx - INFO - HTTP Request: POST https://jmrbyubrrpxxvotsljms.supabase.co/rest/v1/interview_questions?columns=%22question_type%22%2C%22is_duplicate%22%2C%22company_slug%22%2C%22difficulty%22%2C%22source_url%22%2C%22source_name%22%2C%22position_level%22%2C%22position%22%2C%22interview_round%22%2C%22interview_date%22%2C%22scraped_at%22%2C%22company_name%22%2C%22upvotes%22%2C%22question_text%22%2C%22created_at%22%2C%22is_verified%22%2C%22question_title%22 "HTTP/2 201 Created"
2026-09-12 21:36:57,934 - httpx - INFO - HTTP Request: POST https://jmrbyubrrpxxvotsljms.supabase.co/rest/v1/interview_questions?columns=%22question_type%22%2C%22is_duplicate%22%2C%22company_slug%22%2C%22difficulty%22%2C%22source_url%22%2C%22source_name%22%2C%22position_level%22%2C%22position%22%2C%22interview_round%22%2C%22interview_date%22%2C%22scraped_at%22%2C%22company_name%22%2C%22upvotes%22%2C%22question_text%22%2C%22created_at%22%2C%22is_verified%22%2C%22question_title%22 "HTTP/2 201 Created"
2026-09-12 21:36:57,947 - httpx - INFO - HTTP Request: POST https://jmrbyubrrpxxvotsljms.supabase.co/rest/v1/interview_questions?columns=%22question_type%22%2C%22is_duplicate%22%2C%22company_slug%22%2C%22difficulty%22%2C%22source_url%22%2C%22source_name%22%2C%22position_level%22%2C%22position%22%2C%22interview_round%22%2C%22interview_date%22%2C%22scraped_at%22%2C%22company_name%22%2C%22upvotes%22%2C%22question_text%22%2C%22created_at%22%2C%22is_verified%22%2C%22question_title%22 "HTTP/2 201 Created"
2026-09-12 21:36:57,964 - httpx - INFO - HTTP Request: POST https://jmrbyubrrpxxvotsljms.supabase.co/rest/v1/interview_questions?columns=%22question_type%22%2C%22is_duplicate%22%2C%22company_slug%22%2C%22difficulty%22%2C%22source_url%22%2C%22source_name%22%2C%22position_level%22%2C%22position%22%2C%22interview_round%22%2C%22interview_date%22%2C%22scraped_at%22%2C%22company_name%22%2C%22upvotes%22%2C%22question_text%22%2C%22created_at%22%2C%22is_verified%22%2C%22question_title%22 "HTTP/2 201 Created"
2026-09-12 21:36:58,044 - httpx - INFO - HTTP Request: POST https://jmrbyubrrpxxvotsljms.supabase.co/rest/v1/interview_questions?columns=%22question_type%22%2C%22is_duplicate%22%2C%22company_slug%22%2C%22difficulty%22%2C%22source_url%22%2C%22source_name%22%2C%22position_level%22%2C%22position%22%2C%22interview_round%22%2C%22interview_date%22%2C%22scraped_at%22%2C%22company_name%22%2C%22upvotes%22%2C%22question_text%22%2C%22created_at%22%2C%22is_verified%22%2C%22question_title%22 "HTTP/2 201 Created"
2026-09-12 21:36:58,053 - httpx - INFO - HTTP Request: POST https://jmrbyubrrpxxvotsljms.supabase.co/rest/v1/interview_questions?columns=%22question_type%22%2C%22is_duplicate%22%2C%22company_slug%22%2C%22difficulty%22%2C%22source_url%22%2C%22source_name%22%2C%22position_level%22%2C%22position%22%2C%22interview_round%22%2C%22interview_date%22%2C%22scraped_at%22%2C%22company_name%22%2C%22upvotes%22%2C%22question_text%22%2C%22created_at%22%2C%22is_verified%22%2C%22question_title%22 "HTTP/2 201 Created"
2026-09-12 21:36:58,086 - httpx - INFO - HTTP Request: POST https://jmrbyubrrpxxvotsljms.supabase.co/rest/v1/interview_questions?columns=%22question_type%22%2C%22is_duplicate%22%2C%22company_slug%22%2C%22difficulty%22%2C%22source_url%22%2C%22source_name%22%2C%22position_level%22%2C%22position%22%2C%22interview_round%22%2C%22interview_date%22%2C%22scraped_at%22%2C%22company_name%22%2C%22upvotes%22%2C%22question_text%22%2C%22created_at%22%2C%22is_verified%22%2C%22question_title%22 "HTTP/2 201 Created"
2026-09-12 21:36:58,170 - httpx - INFO - HTTP Request: POST https://jmrbyubrrpxxvotsljms.supabase.co/rest/v1/interview_questions?columns=%22question_type%22%2C%22is_duplicate%22%2C%22company_slug%22%2C%22difficulty%22%2C%22source_url%22%2C%22source_name%22%2C%22position_level%22%2C%22position%22%2C%22interview_round%22%2C%22interview_date%22%2C%22scraped_at%22%2C%22company_name%22%2C%22upvotes%22%2C%22question_text%22%2C%22created_at%22%2C%22is_verified%22%2C%22question_title%22 "HTTP/2 201 Created"
2026-09-12 21:36:58,181 - httpx - INFO - HTTP Request: POST https://jmrbyubrrpxxvotsljms.supabase.co/rest/v1/interview_questions?columns=%22question_type%22%2C%22is_duplicate%22%2C%22company_slug%22%2C%22difficulty%22%2C%22source_url%22%2C%22source_name%22%2C%22position_level%22%2C%22position%22%2C%22interview_round%22%2C%22interview_date%22%2C%22scraped_at%22%2C%22company_name%22%2C%22upvotes%22%2C%22question_text%22%2C%22created_at%22%2C%22is_verified%22%2C%22question_title%22 "HTTP/2 201 Created"
2026-09-12 21:36:58,195 - httpx - INFO - HTTP Request: POST https://jmrbyubrrpxxvotsljms.supabase.co/rest/v1/interview_questions?columns=%22question_type%22%2C%22is_duplicate%22%2C%22company_slug%22%2C%22difficulty%22%2C%22source_url%22%2C%22source_name%22%2C%22position_level%22%2C%22position%22%2C%22interview_round%22%2C%22interview_date%22%2C%22scraped_at%22%2C%22company_name%22%2C%22upvotes%22%2C%22question_text%22%2C%22created_at%22%2C%22is_verified%22%2C%22question_title%22 "HTTP/2 201 Created"
2026-09-12 21:36:58,280 - httpx - INFO - HTTP Request: POST https://jmrbyubrrpxxvotsljms.supabase.co/rest/v1/interview_questions?columns=%22question_type%22%2C%22is_duplicate%22%2C%22company_slug%22%2C%22difficulty%22%2C%22source_url%22%2C%22source_name%22%2C%22position_level%22%2C%22position%22%2C%22interview_round%22%2C%22interview_date%22%2C%22scraped_at%22%2C%22company_name%22%2C%22upvotes%22%2C%22question_text%22%2C%22created_at%22%2C%22is_verified%22%2C%22question_title%22 "HTTP/2 201 Created"
2026-09-12 21:36:58,296 - httpx - INFO - HTTP Request: POST https://jmrbyubrrpxxvotsljms.supabase.co/rest/v1/interview_questions?columns=%22question_type%22%2C%22is_duplicate%22%2C%22company_slug%22%2C%22difficulty%22%2C%22source_url%22%2C%22source_name%22%2C%22position_level%22%2C%22position%22%2C%22interview_round%22%2C%22interview_date%22%2C%22scraped_at%22%2C%22company_name%22%2C%22upvotes%22%2C%22question_text%22%2C%22created_at%22%2C%22is_verified%22%2C%22question_title%22 "HTTP/2 201 Created"
2026-09-12 21:36:58,309 - httpx - INFO - HTTP Request: POST https://jmrbyubrrpxxvotsljms.supabase.co/rest/v1/interview_questions?columns=%22question_type%22%2C%22is_duplicate%22%2C%22company_slug%22%2C%22difficulty%22%2C%22source_url%22%2C%22source_name%22%2C%22position_level%22%2C%22position%22%2C%22interview_round%22%2C%22interview_date%22%2C%22scraped_at%22%2C%22company_name%22%2C%22upvotes%22%2C%22question_text%22%2C%22created_at%22%2C%22is_verified%22%2C%22question_title%22 "HTTP/2 201 Created"
2026-09-12 21:36:58,396 - httpx - INFO - HTTP Request: POST https://jmrbyubrrpxxvotsljms.supabase.co/rest/v1/interview_questions?columns=%22question_type%22%2C%22is_duplicate%22%2C%22company_slug%22%2C%22difficulty%22%2C%22source_url%22%2C%22source_name%22%2C%22position_level%22%2C%22position%22%2C%22interview_round%22%2C%22interview_date%22%2C%22scraped_at%22%2C%22company_name%22%2C%22upvotes%22%2C%22question_text%22%2C%22created_at%22%2C%22is_verified%22%2C%22question_title%22 "HTTP/2 201 Created"
2026-09-12 21:36:58,419 - httpx - INFO - HTTP Request: POST https://jmrbyubrrpxxvotsljms.supabase.co/rest/v1/interview_questions?columns=%22question_type%22%2C%22is_duplicate%22%2C%22company_slug%22%2C%22difficulty%22%2C%22source_url%22%2C%22source_name%22%2C%22position_level%22%2C%22position%22%2C%22interview_round%22%2C%22interview_date%22%2C%22scraped_at%22%2C%22company_name%22%2C%22upvotes%22%2C%22question_text%22%2C%22created_at%22%2C%22is_verified%22%2C%22question_title%22 "HTTP/2 201 Created"
2026-09-12 21:36:58,429 - httpx - INFO - HTTP Request: POST https://jmrbyubrrpxxvotsljms.supabase.co/rest/v1/interview_questions?columns=%22question_type%22%2C%22is_duplicate%22%2C%22company_slug%22%2C%22difficulty%22%2C%22source_url%22%2C%22source_name%22%2C%22position_level%22%2C%22position%22%2C%22interview_round%22%2C%22interview_date%22%2C%22scraped_at%22%2C%22company_name%22%2C%22upvotes%22%2C%22question_text%22%2C%22created_at%22%2C%22is_verified%22%2C%22question_title%22 "HTTP/2 201 Created"
2026-09-12 21:36:58,525 - httpx - INFO - HTTP Request: POST https://jmrbyubrrpxxvotsljms.supabase.co/rest/v1/interview_questions?columns=%22question_type%22%2C%22is_duplicate%22%2C%22company_slug%22%2C%22difficulty%22%2C%22source_url%22%2C%22source_name%22%2C%22position_level%22%2C%22position%22%2C%22interview_round%22%2C%22interview_date%22%2C%22scraped_at%22%2C%22company_name%22%2C%22upvotes%22%2C%22question_text%22%2C%22created_at%22%2C%22is_verified%22%2C%22question_title%22 "HTTP/2 201 Created"
2026-09-12 21:36:58,536 - httpx - INFO - HTTP Request: POST https://jmrbyubrrpxxvotsljms.supabase.co/rest/v1/interview_questions?columns=%22question_type%22%2C%22is_duplicate%22%2C%22company_slug%22%2C%22difficulty%22%2C%22source_url%22%2C%22source_name%22%2C%22position_level%22%2C%22position%22%2C%22interview_round%22%2C%22interview_date%22%2C%22scraped_at%22%2C%22company_name%22%2C%22upvotes%22%2C%22question_text%22%2C%22created_at%22%2C%22is_verified%22%2C%22question_title%22 "HTTP/2 201 Created"
2026-09-12 21:36:58,537 - httpx - INFO - HTTP Request: POST https://jmrbyubrrpxxvotsljms.supabase.co/rest/v1/interview_questions?columns=%22question_type%22%2C%22is_duplicate%22%2C%22company_slug%22%2C%22difficulty%22%2C%22source_url%22%2C%22source_name%22%2C%22position_level%22%2C%22position%22%2C%22interview_round%22%2C%22interview_date%22%2C%22scraped_at%22%2C%22company_name%22%2C%22upvotes%22%2C%22question_text%22%2C%22created_at%22%2C%22is_verified%22%2C%22question_title%22 "HTTP/2 201 Created"
2026-09-12 21:36:58,630 - httpx - INFO - HTTP Request: POST https://jmrbyubrrpxxvotsljms.supabase.co/rest/v1/interview_questions?columns=%22question_type%22%2C%22is_duplicate%22%2C%22company_slug%22%2C%22difficulty%22%2C%22source_url%22%2C%22source_name%22%2C%22position_level%22%2C%22position%22%2C%22interview_round%22%2C%22interview_date%22%2C%22scraped_at%22%2C%22company_name%22%2C%22upvotes%22%2C%22question_text%22%2C%22created_at%22%2C%22is_verified%22%2C%22question_title%22 "HTTP/2 201 Created"
2026-09-12 21:36:58,643 - httpx - INFO - HTTP Request: POST https://jmrbyubrrpxxvotsljms.supabase.co/rest/v1/interview_questions?columns=%22question_type%22%2C%22is_duplicate%22%2C%22company_slug%22%2C%22difficulty%22%2C%22source_url%22%2C%22source_name%22%2C%22position_level%22%2C%22position%22%2C%22interview_round%22%2C%22interview_date%22%2C%22scraped_at%22%2C%22company_name%22%2C%22upvotes%22%2C%22question_text%22%2C%22created_at%22%2C%22is_verified%22%2C%22question_title%22 "HTTP/2 201 Created"
2026-09-12 21:36:58,662 - httpx - INFO - HTTP Request: POST https://jmrbyubrrpxxvotsljms.supabase.co/rest/v1/interview_questions?columns=%22question_type%22%2C%22is_duplicate%22%2C%22company_slug%22%2C%22difficulty%22%2C%22source_url%22%2C%22source_name%22%2C%22position_level%22%2C%22position%22%2C%22interview_round%22%2C%22interview_date%22%2C%22scraped_at%22%2C%22company_name%22%2C%22upvotes%22%2C%22question_text%22%2C%22created_at%22%2C%22is_verified%22%2C%22question_title%22 "HTTP/2 201 Created"
2026-09-12 21:36:58,747 - httpx - INFO - HTTP Request: POST https://jmrbyubrrpxxvotsljms.supabase.co/rest/v1/interview_questions?columns=%22question_type%22%2C%22is_duplicate%22%2C%22company_slug%22%2C%22difficulty%22%2C%22source_url%22%2C%22source_name%22%2C%22position_level%22%2C%22position%22%2C%22interview_round%22%2C%22interview_date%22%2C%22scraped_at%22%2C%22company_name%22%2C%22upvotes%22%2C%22question_text%22%2C%22created_at%22%2C%22is_verified%22%2C%22question_title%22 "HTTP/2 201 Created"
2026-09-12 21:36:58,757 - httpx - INFO - HTTP Request: POST https://jmrbyubrrpxxvotsljms.supabase.co/rest/v1/interview_questions?columns=%22question_type%22%2C%22is_duplicate%22%2C%22company_slug%22%2C%22difficulty%22%2C%22source_url%22%2C%22source_name%22%2C%22position_level%22%2C%22position%22%2C%22interview_round%22%2C%22interview_date%22%2C%22scraped_at%22%2C%22company_name%22%2C%22upvotes%22%2C%22question_text%22%2C%22created_at%22%2C%22is_verified%22%2C%22question_title%22 "HTTP/2 201 Created"
2026-09-12 21:36:58,774 - httpx - INFO - HTTP Request: POST https://jmrbyubrrpxxvotsljms.supabase.co/rest/v1/interview_questions?columns=%22question_type%22%2C%22is_duplicate%22%2C%22company_slug%22%2C%22difficulty%22%2C%22source_url%22%2C%22source_name%22%2C%22position_level%22%2C%22position%22%2C%22interview_round%22%2C%22interview_date%22%2C%22scraped_at%22%2C%22company_name%22%2C%22upvotes%22%2C%22question_text%22%2C%22created_at%22%2C%22is_verified%22%2C%22question_title%22 "HTTP/2 201 Created"
2026-09-12 21:36:58,857 - httpx - INFO - HTTP Request: POST https://jmrbyubrrpxxvotsljms.supabase.co/rest/v1/interview_questions?columns=%22question_type%22%2C%22is_duplicate%22%2C%22company_slug%22%2C%22difficulty%22%2C%22source_url%22%2C%22source_name%22%2C%22position_level%22%2C%22position%22%2C%22interview_round%22%2C%22interview_date%22%2C%22scraped_at%22%2C%22company_name%22%2C%22upvotes%22%2C%22question_text%22%2C%22created_at%22%2C%22is_verified%22%2C%22question_title%22 "HTTP/2 201 Created"
2026-09-12 21:36:58,871 - httpx - INFO - HTTP Request: POST https://jmrbyubrrpxxvotsljms.supabase.co/rest/v1/interview_questions?columns=%22question_type%22%2C%22is_duplicate%22%2C%22company_slug%22%2C%22difficulty%22%2C%22source_url%22%2C%22source_name%22%2C%22position_level%22%2C%22position%22%2C%22interview_round%22%2C%22interview_date%22%2C%22scraped_at%22%2C%22company_name%22%2C%22upvotes%22%2C%22question_text%22%2C%22created_at%22%2C%22is_verified%22%2C%22question_title%22 "HTTP/2 201 Created"
2026-09-12 21:36:58,892 - httpx - INFO - HTTP Request: POST https://jmrbyubrrpxxvotsljms.supabase.co/rest/v1/interview_questions?columns=%22question_type%22%2C%22is_duplicate%22%2C%22company_slug%22%2C%22difficulty%22%2C%22source_url%22%2C%22source_name%22%2C%22position_level%22%2C%22position%22%2C%22interview_round%22%2C%22interview_date%22%2C%22scraped_at%22%2C%22company_name%22%2C%22upvotes%22%2C%22question_text%22%2C%22created_at%22%2C%22is_verified%22%2C%22question_title%22 "HTTP/2 201 Created"
2026-09-12 21:36:58,967 - httpx - INFO - HTTP Request: POST https://jmrbyubrrpxxvotsljms.supabase.co/rest/v1/interview_questions?columns=%22question_type%22%2C%22is_duplicate%22%2C%22company_slug%22%2C%22difficulty%22%2C%22source_url%22%2C%22source_name%22%2C%22position_level%22%2C%22position%22%2C%22interview_round%22%2C%22interview_date%22%2C%22scraped_at%22%2C%22company_name%22%2C%22upvotes%22%2C%22question_text%22%2C%22created_at%22%2C%22is_verified%22%2C%22question_title%22 "HTTP/2 201 Created"
2026-09-12 21:36:59,023 - httpx - INFO - HTTP Request: POST https://jmrbyubrrpxxvotsljms.supabase.co/rest/v1/interview_questions?columns=%22question_type%22%2C%22is_duplicate%22%2C%22company_slug%22%2C%22difficulty%22%2C%22source_url%22%2C%22source_name%22%2C%22position_level%22%2C%22position%22%2C%22interview_round%22%2C%22interview_date%22%2C%22scraped_at%22%2C%22company_name%22%2C%22upvotes%22%2C%22question_text%22%2C%22created_at%22%2C%22is_verified%22%2C%22question_title%22 "HTTP/2 201 Created"
2026-09-12 21:36:59,034 - httpx - INFO - HTTP Request: POST https://jmrbyubrrpxxvotsljms.supabase.co/rest/v1/interview_questions?columns=%22question_type%22%2C%22is_duplicate%22%2C%22company_slug%22%2C%22difficulty%22%2C%22source_url%22%2C%22source_name%22%2C%22position_level%22%2C%22position%22%2C%22interview_round%22%2C%22interview_date%22%2C%22scraped_at%22%2C%22company_name%22%2C%22upvotes%22%2C%22question_text%22%2C%22created_at%22%2C%22is_verified%22%2C%22question_title%22 "HTTP/2 201 Created"
2026-09-12 21:36:59,106 - httpx - INFO - HTTP Request: POST https://jmrbyubrrpxxvotsljms.supabase.co/rest/v1/interview_questions?columns=%22question_type%22%2C%22is_duplicate%22%2C%22company_slug%22%2C%22difficulty%22%2C%22source_url%22%2C%22source_name%22%2C%22position_level%22%2C%22position%22%2C%22interview_round%22%2C%22interview_date%22%2C%22scraped_at%22%2C%22company_name%22%2C%22upvotes%22%2C%22question_text%22%2C%22created_at%22%2C%22is_verified%22%2C%22question_title%22 "HTTP/2 201 Created"
2026-09-12 21:36:59,154 - httpx - INFO - HTTP Request: POST https://jmrbyubrrpxxvotsljms.supabase.co/rest/v1/interview_questions?columns=%22question_type%22%2C%22is_duplicate%22%2C%22company_slug%22%2C%22difficulty%22%2C%22source_url%22%2C%22source_name%22%2C%22position_level%22%2C%22position%22%2C%22interview_round%22%2C%22interview_date%22%2C%22scraped_at%22%2C%22company_name%22%2C%22upvotes%22%2C%22question_text%22%2C%22created_at%22%2C%22is_verified%22%2C%22question_title%22 "HTTP/2 201 Created"
2026-09-12 21:36:59,166 - httpx - INFO - HTTP Request: POST https://jmrbyubrrpxxvotsljms.supabase.co/rest/v1/interview_questions?columns=%22question_type%22%2C%22is_duplicate%22%2C%22company_slug%22%2C%22difficulty%22%2C%22source_url%22%2C%22source_name%22%2C%22position_level%22%2C%22position%22%2C%22interview_round%22%2C%22interview_date%22%2C%22scraped_at%22%2C%22company_name%22%2C%22upvotes%22%2C%22question_text%22%2C%22created_at%22%2C%22is_verified%22%2C%22question_title%22 "HTTP/2 201 Created"
2026-09-12 21:36:59,228 - httpx - INFO - HTTP Request: POST https://jmrbyubrrpxxvotsljms.supabase.co/rest/v1/interview_questions?columns=%22question_type%22%2C%22is_duplicate%22%2C%22company_slug%22%2C%22difficulty%22%2C%22source_url%22%2C%22source_name%22%2C%22position_level%22%2C%22position%22%2C%22interview_round%22%2C%22interview_date%22%2C%22scraped_at%22%2C%22company_name%22%2C%22upvotes%22%2C%22question_text%22%2C%22created_at%22%2C%22is_verified%22%2C%22question_title%22 "HTTP/2 201 Created"
2026-09-12 21:36:59,276 - httpx - INFO - HTTP Request: POST https://jmrbyubrrpxxvotsljms.supabase.co/rest/v1/interview_questions?columns=%22question_type%22%2C%22is_duplicate%22%2C%22company_slug%22%2C%22difficulty%22%2C%22source_url%22%2C%22source_name%22%2C%22position_level%22%2C%22position%22%2C%22interview_round%22%2C%22interview_date%22%2C%22scraped_at%22%2C%22company_name%22%2C%22upvotes%22%2C%22question_text%22%2C%22created_at%22%2C%22is_verified%22%2C%22question_title%22 "HTTP/2 201 Created"
2026-09-12 21:36:59,305 - httpx - INFO - HTTP Request: POST https://jmrbyubrrpxxvotsljms.supabase.co/rest/v1/interview_questions?columns=%22question_type%22%2C%22is_duplicate%22%2C%22company_slug%22%2C%22difficulty%22%2C%22source_url%22%2C%22source_name%22%2C%22position_level%22%2C%22position%22%2C%22interview_round%22%2C%22interview_date%22%2C%22scraped_at%22%2C%22company_name%22%2C%22upvotes%22%2C%22question_text%22%2C%22created_at%22%2C%22is_verified%22%2C%22question_title%22 "HTTP/2 201 Created"
2026-09-12 21:36:59,403 - httpx - INFO - HTTP Request: POST https://jmrbyubrrpxxvotsljms.supabase.co/rest/v1/interview_questions?columns=%22question_type%22%2C%22is_duplicate%22%2C%22company_slug%22%2C%22difficulty%22%2C%22source_url%22%2C%22source_name%22%2C%22position_level%22%2C%22position%22%2C%22interview_round%22%2C%22interview_date%22%2C%22scraped_at%22%2C%22company_name%22%2C%22upvotes%22%2C%22question_text%22%2C%22created_at%22%2C%22is_verified%22%2C%22question_title%22 "HTTP/2 201 Created"
2026-09-12 21:36:59,460 - httpx - INFO - HTTP Request: POST https://jmrbyubrrpxxvotsljms.supabase.co/rest/v1/interview_questions?columns=%22question_type%22%2C%22is_duplicate%22%2C%22company_slug%22%2C%22difficulty%22%2C%22source_url%22%2C%22source_name%22%2C%22position_level%22%2C%22position%22%2C%22interview_round%22%2C%22interview_date%22%2C%22scraped_at%22%2C%22company_name%22%2C%22upvotes%22%2C%22question_text%22%2C%22created_at%22%2C%22is_verified%22%2C%22question_title%22 "HTTP/2 201 Created"
2026-09-12 21:36:59,522 - httpx - INFO - HTTP Request: POST https://jmrbyubrrpxxvotsljms.supabase.co/rest/v1/interview_questions?columns=%22question_type%22%2C%22is_duplicate%22%2C%22company_slug%22%2C%22difficulty%22%2C%22source_url%22%2C%22source_name%22%2C%22position_level%22%2C%22position%22%2C%22interview_round%22%2C%22interview_date%22%2C%22scraped_at%22%2C%22company_name%22%2C%22upvotes%22%2C%22question_text%22%2C%22created_at%22%2C%22is_verified%22%2C%22question_title%22 "HTTP/2 201 Created"
2026-09-12 21:36:59,609 - httpx - INFO - HTTP Request: POST https://jmrbyubrrpxxvotsljms.supabase.co/rest/v1/interview_questions?columns=%22question_type%22%2C%22is_duplicate%22%2C%22company_slug%22%2C%22difficulty%22%2C%22source_url%22%2C%22source_name%22%2C%22position_level%22%2C%22position%22%2C%22interview_round%22%2C%22interview_date%22%2C%22scraped_at%22%2C%22company_name%22%2C%22upvotes%22%2C%22question_text%22%2C%22created_at%22%2C%22is_verified%22%2C%22question_title%22 "HTTP/2 201 Created"
2026-09-12 21:36:59,719 - httpx - INFO - HTTP Request: POST https://jmrbyubrrpxxvotsljms.supabase.co/rest/v1/interview_questions?columns=%22question_type%22%2C%22is_duplicate%22%2C%22company_slug%22%2C%22difficulty%22%2C%22source_url%22%2C%22source_name%22%2C%22position_level%22%2C%22position%22%2C%22interview_round%22%2C%22interview_date%22%2C%22scraped_at%22%2C%22company_name%22%2C%22upvotes%22%2C%22question_text%22%2C%22created_at%22%2C%22is_verified%22%2C%22question_title%22 "HTTP/2 201 Created"
2026-09-12 21:36:59,769 - httpx - INFO - HTTP Request: POST https://jmrbyubrrpxxvotsljms.supabase.co/rest/v1/interview_questions?columns=%22question_type%22%2C%22is_duplicate%22%2C%22company_slug%22%2C%22difficulty%22%2C%22source_url%22%2C%22source_name%22%2C%22position_level%22%2C%22position%22%2C%22interview_round%22%2C%22interview_date%22%2C%22scraped_at%22%2C%22company_name%22%2C%22upvotes%22%2C%22question_text%22%2C%22created_at%22%2C%22is_verified%22%2C%22question_title%22 "HTTP/2 201 Created"
2026-09-12 21:36:59,834 - httpx - INFO - HTTP Request: POST https://jmrbyubrrpxxvotsljms.supabase.co/rest/v1/interview_questions?columns=%22question_type%22%2C%22is_duplicate%22%2C%22company_slug%22%2C%22difficulty%22%2C%22source_url%22%2C%22source_name%22%2C%22position_level%22%2C%22position%22%2C%22interview_round%22%2C%22interview_date%22%2C%22scraped_at%22%2C%22company_name%22%2C%22upvotes%22%2C%22question_text%22%2C%22created_at%22%2C%22is_verified%22%2C%22question_title%22 "HTTP/2 201 Created"
2026-09-12 21:36:59,870 - httpx - INFO - HTTP Request: POST https://jmrbyubrrpxxvotsljms.supabase.co/rest/v1/interview_questions?columns=%22question_type%22%2C%22is_duplicate%22%2C%22company_slug%22%2C%22difficulty%22%2C%22source_url%22%2C%22source_name%22%2C%22position_level%22%2C%22position%22%2C%22interview_round%22%2C%22interview_date%22%2C%22scraped_at%22%2C%22company_name%22%2C%22upvotes%22%2C%22question_text%22%2C%22created_at%22%2C%22is_verified%22%2C%22question_title%22 "HTTP/2 201 Created"
2026-09-12 21:36:59,897 - httpx - INFO - HTTP Request: POST https://jmrbyubrrpxxvotsljms.supabase.co/rest/v1/interview_questions?columns=%22question_type%22%2C%22is_duplicate%22%2C%22company_slug%22%2C%22difficulty%22%2C%22source_url%22%2C%22source_name%22%2C%22position_level%22%2C%22position%22%2C%22interview_round%22%2C%22interview_date%22%2C%22scraped_at%22%2C%22company_name%22%2C%22upvotes%22%2C%22question_text%22%2C%22created_at%22%2C%22is_verified%22%2C%22question_title%22 "HTTP/2 201 Created"
2026-09-12 21:36:59,957 - httpx - INFO - HTTP Request: POST https://jmrbyubrrpxxvotsljms.supabase.co/rest/v1/interview_questions?columns=%22question_type%22%2C%22is_duplicate%22%2C%22company_slug%22%2C%22difficulty%22%2C%22source_url%22%2C%22source_name%22%2C%22position_level%22%2C%22position%22%2C%22interview_round%22%2C%22interview_date%22%2C%22scraped_at%22%2C%22company_name%22%2C%22upvotes%22%2C%22question_text%22%2C%22created_at%22%2C%22is_verified%22%2C%22question_title%22 "HTTP/2 201 Created"
2026-09-12 21:37:00,072 - httpx - INFO - HTTP Request: POST https://jmrbyubrrpxxvotsljms.supabase.co/rest/v1/interview_questions?columns=%22question_type%22%2C%22is_duplicate%22%2C%22company_slug%22%2C%22difficulty%22%2C%22source_url%22%2C%22source_name%22%2C%22position_level%22%2C%22position%22%2C%22interview_round%22%2C%22interview_date%22%2C%22scraped_at%22%2C%22company_name%22%2C%22upvotes%22%2C%22question_text%22%2C%22created_at%22%2C%22is_verified%22%2C%22question_title%22 "HTTP/2 201 Created"
2026-09-12 21:37:00,100 - httpx - INFO - HTTP Request: POST https://jmrbyubrrpxxvotsljms.supabase.co/rest/v1/interview_questions?columns=%22question_type%22%2C%22is_duplicate%22%2C%22company_slug%22%2C%22difficulty%22%2C%22source_url%22%2C%22source_name%22%2C%22position_level%22%2C%22position%22%2C%22interview_round%22%2C%22interview_date%22%2C%22scraped_at%22%2C%22company_name%22%2C%22upvotes%22%2C%22question_text%22%2C%22created_at%22%2C%22is_verified%22%2C%22question_title%22 "HTTP/2 201 Created"
2026-09-12 21:37:00,124 - httpx - INFO - HTTP Request: POST https://jmrbyubrrpxxvotsljms.supabase.co/rest/v1/interview_questions?columns=%22question_type%22%2C%22is_duplicate%22%2C%22company_slug%22%2C%22difficulty%22%2C%22source_url%22%2C%22source_name%22%2C%22position_level%22%2C%22position%22%2C%22interview_round%22%2C%22interview_date%22%2C%22scraped_at%22%2C%22company_name%22%2C%22upvotes%22%2C%22question_text%22%2C%22created_at%22%2C%22is_verified%22%2C%22question_title%22 "HTTP/2 201 Created"
2026-09-12 21:37:00,277 - httpx - INFO - HTTP Request: POST https://jmrbyubrrpxxvotsljms.supabase.co/rest/v1/interview_questions?columns=%22question_type%22%2C%22is_duplicate%22%2C%22company_slug%22%2C%22difficulty%22%2C%22source_url%22%2C%22source_name%22%2C%22position_level%22%2C%22position%22%2C%22interview_round%22%2C%22interview_date%22%2C%22scraped_at%22%2C%22company_name%22%2C%22upvotes%22%2C%22question_text%22%2C%22created_at%22%2C%22is_verified%22%2C%22question_title%22 "HTTP/2 201 Created"
2026-09-12 21:37:00,287 - httpx - INFO - HTTP Request: POST https://jmrbyubrrpxxvotsljms.supabase.co/rest/v1/interview_questions?columns=%22question_type%22%2C%22is_duplicate%22%2C%22company_slug%22%2C%22difficulty%22%2C%22source_url%22%2C%22source_name%22%2C%22position_level%22%2C%22position%22%2C%22interview_round%22%2C%22interview_date%22%2C%22scraped_at%22%2C%22company_name%22%2C%22upvotes%22%2C%22question_text%22%2C%22created_at%22%2C%22is_verified%22%2C%22question_title%22 "HTTP/2 201 Created"
2026-09-12 21:37:00,352 - httpx - INFO - HTTP Request: POST https://jmrbyubrrpxxvotsljms.supabase.co/rest/v1/interview_questions?columns=%22question_type%22%2C%22is_duplicate%22%2C%22company_slug%22%2C%22difficulty%22%2C%22source_url%22%2C%22source_name%22%2C%22position_level%22%2C%22position%22%2C%22interview_round%22%2C%22interview_date%22%2C%22scraped_at%22%2C%22company_name%22%2C%22upvotes%22%2C%22question_text%22%2C%22created_at%22%2C%22is_verified%22%2C%22question_title%22 "HTTP/2 201 Created"
2026-09-12 21:37:00,387 - httpx - INFO - HTTP Request: POST https://jmrbyubrrpxxvotsljms.supabase.co/rest/v1/interview_questions?columns=%22question_type%22%2C%22is_duplicate%22%2C%22company_slug%22%2C%22difficulty%22%2C%22source_url%22%2C%22source_name%22%2C%22position_level%22%2C%22position%22%2C%22interview_round%22%2C%22interview_date%22%2C%22scraped_at%22%2C%22company_name%22%2C%22upvotes%22%2C%22question_text%22%2C%22created_at%22%2C%22is_verified%22%2C%22question_title%22 "HTTP/2 201 Created"
2026-09-12 21:37:00,410 - httpx - INFO - HTTP Request: POST https://jmrbyubrrpxxvotsljms.supabase.co/rest/v1/interview_questions?columns=%22question_type%22%2C%22is_duplicate%22%2C%22company_slug%22%2C%22difficulty%22%2C%22source_url%22%2C%22source_name%22%2C%22position_level%22%2C%22position%22%2C%22interview_round%22%2C%22interview_date%22%2C%22scraped_at%22%2C%22company_name%22%2C%22upvotes%22%2C%22question_text%22%2C%22created_at%22%2C%22is_verified%22%2C%22question_title%22 "HTTP/2 201 Created"
2026-09-12 21:37:00,471 - httpx - INFO - HTTP Request: POST https://jmrbyubrrpxxvotsljms.supabase.co/rest/v1/interview_questions?columns=%22question_type%22%2C%22is_duplicate%22%2C%22company_slug%22%2C%22difficulty%22%2C%22source_url%22%2C%22source_name%22%2C%22position_level%22%2C%22position%22%2C%22interview_round%22%2C%22interview_date%22%2C%22scraped_at%22%2C%22company_name%22%2C%22upvotes%22%2C%22question_text%22%2C%22created_at%22%2C%22is_verified%22%2C%22question_title%22 "HTTP/2 201 Created"
2026-09-12 21:37:00,498 - httpx - INFO - HTTP Request: POST https://jmrbyubrrpxxvotsljms.supabase.co/rest/v1/interview_questions?columns=%22question_type%22%2C%22is_duplicate%22%2C%22company_slug%22%2C%22difficulty%22%2C%22source_url%22%2C%22source_name%22%2C%22position_level%22%2C%22position%22%2C%22interview_round%22%2C%22interview_date%22%2C%22scraped_at%22%2C%22company_name%22%2C%22upvotes%22%2C%22question_text%22%2C%22created_at%22%2C%22is_verified%22%2C%22question_title%22 "HTTP/2 201 Created"
2026-09-12 21:37:00,533 - httpx - INFO - HTTP Request: POST https://jmrbyubrrpxxvotsljms.supabase.co/rest/v1/interview_questions?columns=%22question_type%22%2C%22is_duplicate%22%2C%22company_slug%22%2C%22difficulty%22%2C%22source_url%22%2C%22source_name%22%2C%22position_level%22%2C%22position%22%2C%22interview_round%22%2C%22interview_date%22%2C%22scraped_at%22%2C%22company_name%22%2C%22upvotes%22%2C%22question_text%22%2C%22created_at%22%2C%22is_verified%22%2C%22question_title%22 "HTTP/2 201 Created"
2026-09-12 21:37:00,587 - httpx - INFO - HTTP Request: POST https://jmrbyubrrpxxvotsljms.supabase.co/rest/v1/interview_questions?columns=%22question_type%22%2C%22is_duplicate%22%2C%22company_slug%22%2C%22difficulty%22%2C%22source_url%22%2C%22source_name%22%2C%22position_level%22%2C%22position%22%2C%22interview_round%22%2C%22interview_date%22%2C%22scraped_at%22%2C%22company_name%22%2C%22upvotes%22%2C%22question_text%22%2C%22created_at%22%2C%22is_verified%22%2C%22question_title%22 "HTTP/2 201 Created"
2026-09-12 21:37:00,608 - httpx - INFO - HTTP Request: POST https://jmrbyubrrpxxvotsljms.supabase.co/rest/v1/interview_questions?columns=%22question_type%22%2C%22is_duplicate%22%2C%22company_slug%22%2C%22difficulty%22%2C%22source_url%22%2C%22source_name%22%2C%22position_level%22%2C%22position%22%2C%22interview_round%22%2C%22interview_date%22%2C%22scraped_at%22%2C%22company_name%22%2C%22upvotes%22%2C%22question_text%22%2C%22created_at%22%2C%22is_verified%22%2C%22question_title%22 "HTTP/2 201 Created"
2026-09-12 21:37:00,655 - httpx - INFO - HTTP Request: POST https://jmrbyubrrpxxvotsljms.supabase.co/rest/v1/interview_questions?columns=%22question_type%22%2C%22is_duplicate%22%2C%22company_slug%22%2C%22difficulty%22%2C%22source_url%22%2C%22source_name%22%2C%22position_level%22%2C%22position%22%2C%22interview_round%22%2C%22interview_date%22%2C%22scraped_at%22%2C%22company_name%22%2C%22upvotes%22%2C%22question_text%22%2C%22created_at%22%2C%22is_verified%22%2C%22question_title%22 "HTTP/2 201 Created"
2026-09-12 21:37:00,695 - httpx - INFO - HTTP Request: POST https://jmrbyubrrpxxvotsljms.supabase.co/rest/v1/interview_questions?columns=%22question_type%22%2C%22is_duplicate%22%2C%22company_slug%22%2C%22difficulty%22%2C%22source_url%22%2C%22source_name%22%2C%22position_level%22%2C%22position%22%2C%22interview_round%22%2C%22interview_date%22%2C%22scraped_at%22%2C%22company_name%22%2C%22upvotes%22%2C%22question_text%22%2C%22created_at%22%2C%22is_verified%22%2C%22question_title%22 "HTTP/2 201 Created"
2026-09-12 21:37:00,736 - httpx - INFO - HTTP Request: POST https://jmrbyubrrpxxvotsljms.supabase.co/rest/v1/interview_questions?columns=%22question_type%22%2C%22is_duplicate%22%2C%22company_slug%22%2C%22difficulty%22%2C%22source_url%22%2C%22source_name%22%2C%22position_level%22%2C%22position%22%2C%22interview_round%22%2C%22interview_date%22%2C%22scraped_at%22%2C%22company_name%22%2C%22upvotes%22%2C%22question_text%22%2C%22created_at%22%2C%22is_verified%22%2C%22question_title%22 "HTTP/2 201 Created"
2026-09-12 21:37:00,767 - httpx - INFO - HTTP Request: POST https://jmrbyubrrpxxvotsljms.supabase.co/rest/v1/interview_questions?columns=%22question_type%22%2C%22is_duplicate%22%2C%22company_slug%22%2C%22difficulty%22%2C%22source_url%22%2C%22source_name%22%2C%22position_level%22%2C%22position%22%2C%22interview_round%22%2C%22interview_date%22%2C%22scraped_at%22%2C%22company_name%22%2C%22upvotes%22%2C%22question_text%22%2C%22created_at%22%2C%22is_verified%22%2C%22question_title%22 "HTTP/2 201 Created"
2026-09-12 21:37:00,801 - httpx - INFO - HTTP Request: POST https://jmrbyubrrpxxvotsljms.supabase.co/rest/v1/interview_questions?columns=%22question_type%22%2C%22is_duplicate%22%2C%22company_slug%22%2C%22difficulty%22%2C%22source_url%22%2C%22source_name%22%2C%22position_level%22%2C%22position%22%2C%22interview_round%22%2C%22interview_date%22%2C%22scraped_at%22%2C%22company_name%22%2C%22upvotes%22%2C%22question_text%22%2C%22created_at%22%2C%22is_verified%22%2C%22question_title%22 "HTTP/2 201 Created"
2026-09-12 21:37:00,904 - httpx - INFO - HTTP Request: POST https://jmrbyubrrpxxvotsljms.supabase.co/rest/v1/interview_questions?columns=%22question_type%22%2C%22is_duplicate%22%2C%22company_slug%22%2C%22difficulty%22%2C%22source_url%22%2C%22source_name%22%2C%22position_level%22%2C%22position%22%2C%22interview_round%22%2C%22interview_date%22%2C%22scraped_at%22%2C%22company_name%22%2C%22upvotes%22%2C%22question_text%22%2C%22created_at%22%2C%22is_verified%22%2C%22question_title%22 "HTTP/2 201 Created"
2026-09-12 21:37:00,921 - httpx - INFO - HTTP Request: POST https://jmrbyubrrpxxvotsljms.supabase.co/rest/v1/interview_questions?columns=%22question_type%22%2C%22is_duplicate%22%2C%22company_slug%22%2C%22difficulty%22%2C%22source_url%22%2C%22source_name%22%2C%22position_level%22%2C%22position%22%2C%22interview_round%22%2C%22interview_date%22%2C%22scraped_at%22%2C%22company_name%22%2C%22upvotes%22%2C%22question_text%22%2C%22created_at%22%2C%22is_verified%22%2C%22question_title%22 "HTTP/2 201 Created"
2026-09-12 21:37:00,932 - httpx - INFO - HTTP Request: POST https://jmrbyubrrpxxvotsljms.supabase.co/rest/v1/interview_questions?columns=%22question_type%22%2C%22is_duplicate%22%2C%22company_slug%22%2C%22difficulty%22%2C%22source_url%22%2C%22source_name%22%2C%22position_level%22%2C%22position%22%2C%22interview_round%22%2C%22interview_date%22%2C%22scraped_at%22%2C%22company_name%22%2C%22upvotes%22%2C%22question_text%22%2C%22created_at%22%2C%22is_verified%22%2C%22question_title%22 "HTTP/2 201 Created"
2026-09-12 21:37:01,037 - httpx - INFO - HTTP Request: POST https://jmrbyubrrpxxvotsljms.supabase.co/rest/v1/interview_questions?columns=%22question_type%22%2C%22is_duplicate%22%2C%22company_slug%22%2C%22difficulty%22%2C%22source_url%22%2C%22source_name%22%2C%22position_level%22%2C%22position%22%2C%22interview_round%22%2C%22interview_date%22%2C%22scraped_at%22%2C%22company_name%22%2C%22upvotes%22%2C%22question_text%22%2C%22created_at%22%2C%22is_verified%22%2C%22question_title%22 "HTTP/2 201 Created"
2026-09-12 21:37:01,040 - httpx - INFO - HTTP Request: POST https://jmrbyubrrpxxvotsljms.supabase.co/rest/v1/interview_questions?columns=%22question_type%22%2C%22is_duplicate%22%2C%22company_slug%22%2C%22difficulty%22%2C%22source_url%22%2C%22source_name%22%2C%22position_level%22%2C%22position%22%2C%22interview_round%22%2C%22interview_date%22%2C%22scraped_at%22%2C%22company_name%22%2C%22upvotes%22%2C%22question_text%22%2C%22created_at%22%2C%22is_verified%22%2C%22question_title%22 "HTTP/2 201 Created"
2026-09-12 21:37:01,064 - httpx - INFO - HTTP Request: POST https://jmrbyubrrpxxvotsljms.supabase.co/rest/v1/interview_questions?columns=%22question_type%22%2C%22is_duplicate%22%2C%22company_slug%22%2C%22difficulty%22%2C%22source_url%22%2C%22source_name%22%2C%22position_level%22%2C%22position%22%2C%22interview_round%22%2C%22interview_date%22%2C%22scraped_at%22%2C%22company_name%22%2C%22upvotes%22%2C%22question_text%22%2C%22created_at%22%2C%22is_verified%22%2C%22question_title%22 "HTTP/2 201 Created"
2026-09-12 21:37:01,165 - httpx - INFO - HTTP Request: POST https://jmrbyubrrpxxvotsljms.supabase.co/rest/v1/interview_questions?columns=%22question_type%22%2C%22is_duplicate%22%2C%22company_slug%22%2C%22difficulty%22%2C%22source_url%22%2C%22source_name%22%2C%22position_level%22%2C%22position%22%2C%22interview_round%22%2C%22interview_date%22%2C%22scraped_at%22%2C%22company_name%22%2C%22upvotes%22%2C%22question_text%22%2C%22created_at%22%2C%22is_verified%22%2C%22question_title%22 "HTTP/2 201 Created"
2026-09-12 21:37:01,166 - httpx - INFO - HTTP Request: POST https://jmrbyubrrpxxvotsljms.supabase.co/rest/v1/interview_questions?columns=%22question_type%22%2C%22is_duplicate%22%2C%22company_slug%22%2C%22difficulty%22%2C%22source_url%22%2C%22source_name%22%2C%22position_level%22%2C%22position%22%2C%22interview_round%22%2C%22interview_date%22%2C%22scraped_at%22%2C%22company_name%22%2C%22upvotes%22%2C%22question_text%22%2C%22created_at%22%2C%22is_verified%22%2C%22question_title%22 "HTTP/2 201 Created"
2026-09-12 21:37:01,195 - httpx - INFO - HTTP Request: POST https://jmrbyubrrpxxvotsljms.supabase.co/rest/v1/interview_questions?columns=%22question_type%22%2C%22is_duplicate%22%2C%22company_slug%22%2C%22difficulty%22%2C%22source_url%22%2C%22source_name%22%2C%22position_level%22%2C%22position%22%2C%22interview_round%22%2C%22interview_date%22%2C%22scraped_at%22%2C%22company_name%22%2C%22upvotes%22%2C%22question_text%22%2C%22created_at%22%2C%22is_verified%22%2C%22question_title%22 "HTTP/2 201 Created"
2026-09-12 21:37:01,324 - httpx - INFO - HTTP Request: POST https://jmrbyubrrpxxvotsljms.supabase.co/rest/v1/interview_questions?columns=%22question_type%22%2C%22is_duplicate%22%2C%22company_slug%22%2C%22difficulty%22%2C%22source_url%22%2C%22source_name%22%2C%22position_level%22%2C%22position%22%2C%22interview_round%22%2C%22interview_date%22%2C%22scraped_at%22%2C%22company_name%22%2C%22upvotes%22%2C%22question_text%22%2C%22created_at%22%2C%22is_verified%22%2C%22question_title%22 "HTTP/2 201 Created"
2026-09-12 21:37:01,326 - httpx - INFO - HTTP Request: POST https://jmrbyubrrpxxvotsljms.supabase.co/rest/v1/interview_questions?columns=%22question_type%22%2C%22is_duplicate%22%2C%22company_slug%22%2C%22difficulty%22%2C%22source_url%22%2C%22source_name%22%2C%22position_level%22%2C%22position%22%2C%22interview_round%22%2C%22interview_date%22%2C%22scraped_at%22%2C%22company_name%22%2C%22upvotes%22%2C%22question_text%22%2C%22created_at%22%2C%22is_verified%22%2C%22question_title%22 "HTTP/2 201 Created"
2026-09-12 21:37:01,339 - httpx - INFO - HTTP Request: POST https://jmrbyubrrpxxvotsljms.supabase.co/rest/v1/interview_questions?columns=%22question_type%22%2C%22is_duplicate%22%2C%22company_slug%22%2C%22difficulty%22%2C%22source_url%22%2C%22source_name%22%2C%22position_level%22%2C%22position%22%2C%22interview_round%22%2C%22interview_date%22%2C%22scraped_at%22%2C%22company_name%22%2C%22upvotes%22%2C%22question_text%22%2C%22created_at%22%2C%22is_verified%22%2C%22question_title%22 "HTTP/2 201 Created"
2026-09-12 21:37:01,447 - httpx - INFO - HTTP Request: POST https://jmrbyubrrpxxvotsljms.supabase.co/rest/v1/interview_questions?columns=%22question_type%22%2C%22is_duplicate%22%2C%22company_slug%22%2C%22difficulty%22%2C%22source_url%22%2C%22source_name%22%2C%22position_level%22%2C%22position%22%2C%22interview_round%22%2C%22interview_date%22%2C%22scraped_at%22%2C%22company_name%22%2C%22upvotes%22%2C%22question_text%22%2C%22created_at%22%2C%22is_verified%22%2C%22question_title%22 "HTTP/2 201 Created"
2026-09-12 21:37:01,468 - httpx - INFO - HTTP Request: POST https://jmrbyubrrpxxvotsljms.supabase.co/rest/v1/interview_questions?columns=%22question_type%22%2C%22is_duplicate%22%2C%22company_slug%22%2C%22difficulty%22%2C%22source_url%22%2C%22source_name%22%2C%22position_level%22%2C%22position%22%2C%22interview_round%22%2C%22interview_date%22%2C%22scraped_at%22%2C%22company_name%22%2C%22upvotes%22%2C%22question_text%22%2C%22created_at%22%2C%22is_verified%22%2C%22question_title%22 "HTTP/2 201 Created"
2026-09-12 21:37:01,479 - httpx - INFO - HTTP Request: POST https://jmrbyubrrpxxvotsljms.supabase.co/rest/v1/interview_questions?columns=%22question_type%22%2C%22is_duplicate%22%2C%22company_slug%22%2C%22difficulty%22%2C%22source_url%22%2C%22source_name%22%2C%22position_level%22%2C%22position%22%2C%22interview_round%22%2C%22interview_date%22%2C%22scraped_at%22%2C%22company_name%22%2C%22upvotes%22%2C%22question_text%22%2C%22created_at%22%2C%22is_verified%22%2C%22question_title%22 "HTTP/2 201 Created"
2026-09-12 21:37:01,558 - httpx - INFO - HTTP Request: POST https://jmrbyubrrpxxvotsljms.supabase.co/rest/v1/interview_questions?columns=%22question_type%22%2C%22is_duplicate%22%2C%22company_slug%22%2C%22difficulty%22%2C%22source_url%22%2C%22source_name%22%2C%22position_level%22%2C%22position%22%2C%22interview_round%22%2C%22interview_date%22%2C%22scraped_at%22%2C%22company_name%22%2C%22upvotes%22%2C%22question_text%22%2C%22created_at%22%2C%22is_verified%22%2C%22question_title%22 "HTTP/2 201 Created"
2026-09-12 21:37:01,594 - httpx - INFO - HTTP Request: POST https://jmrbyubrrpxxvotsljms.supabase.co/rest/v1/interview_questions?columns=%22question_type%22%2C%22is_duplicate%22%2C%22company_slug%22%2C%22difficulty%22%2C%22source_url%22%2C%22source_name%22%2C%22position_level%22%2C%22position%22%2C%22interview_round%22%2C%22interview_date%22%2C%22scraped_at%22%2C%22company_name%22%2C%22upvotes%22%2C%22question_text%22%2C%22created_at%22%2C%22is_verified%22%2C%22question_title%22 "HTTP/2 201 Created"
2026-09-12 21:37:01,597 - httpx - INFO - HTTP Request: POST https://jmrbyubrrpxxvotsljms.supabase.co/rest/v1/interview_questions?columns=%22question_type%22%2C%22is_duplicate%22%2C%22company_slug%22%2C%22difficulty%22%2C%22source_url%22%2C%22source_name%22%2C%22position_level%22%2C%22position%22%2C%22interview_round%22%2C%22interview_date%22%2C%22scraped_at%22%2C%22company_name%22%2C%22upvotes%22%2C%22question_text%22%2C%22created_at%22%2C%22is_verified%22%2C%22question_title%22 "HTTP/2 201 Created"
2026-09-12 21:37:01,725 - httpx - INFO - HTTP Request: POST https://jmrbyubrrpxxvotsljms.supabase.co/rest/v1/interview_questions?columns=%22question_type%22%2C%22is_duplicate%22%2C%22company_slug%22%2C%22difficulty%22%2C%22source_url%22%2C%22source_name%22%2C%22position_level%22%2C%22position%22%2C%22interview_round%22%2C%22interview_date%22%2C%22scraped_at%22%2C%22company_name%22%2C%22upvotes%22%2C%22question_text%22%2C%22created_at%22%2C%22is_verified%22%2C%22question_title%22 "HTTP/2 201 Created"
2026-09-12 21:37:01,759 - httpx - INFO - HTTP Request: POST https://jmrbyubrrpxxvotsljms.supabase.co/rest/v1/interview_questions?columns=%22question_type%22%2C%22is_duplicate%22%2C%22company_slug%22%2C%22difficulty%22%2C%22source_url%22%2C%22source_name%22%2C%22position_level%22%2C%22position%22%2C%22interview_round%22%2C%22interview_date%22%2C%22scraped_at%22%2C%22company_name%22%2C%22upvotes%22%2C%22question_text%22%2C%22created_at%22%2C%22is_verified%22%2C%22question_title%22 "HTTP/2 201 Created"
2026-09-12 21:37:01,760 - httpx - INFO - HTTP Request: POST https://jmrbyubrrpxxvotsljms.supabase.co/rest/v1/interview_questions?columns=%22question_type%22%2C%22is_duplicate%22%2C%22company_slug%22%2C%22difficulty%22%2C%22source_url%22%2C%22source_name%22%2C%22position_level%22%2C%22position%22%2C%22interview_round%22%2C%22interview_date%22%2C%22scraped_at%22%2C%22company_name%22%2C%22upvotes%22%2C%22question_text%22%2C%22created_at%22%2C%22is_verified%22%2C%22question_title%22 "HTTP/2 201 Created"
2026-09-12 21:37:01,832 - httpx - INFO - HTTP Request: POST https://jmrbyubrrpxxvotsljms.supabase.co/rest/v1/interview_questions?columns=%22question_type%22%2C%22is_duplicate%22%2C%22company_slug%22%2C%22difficulty%22%2C%22source_url%22%2C%22source_name%22%2C%22position_level%22%2C%22position%22%2C%22interview_round%22%2C%22interview_date%22%2C%22scraped_at%22%2C%22company_name%22%2C%22upvotes%22%2C%22question_text%22%2C%22created_at%22%2C%22is_verified%22%2C%22question_title%22 "HTTP/2 201 Created"
2026-09-12 21:37:01,871 - httpx - INFO - HTTP Request: POST https://jmrbyubrrpxxvotsljms.supabase.co/rest/v1/interview_questions?columns=%22question_type%22%2C%22is_duplicate%22%2C%22company_slug%22%2C%22difficulty%22%2C%22source_url%22%2C%22source_name%22%2C%22position_level%22%2C%22position%22%2C%22interview_round%22%2C%22interview_date%22%2C%22scraped_at%22%2C%22company_name%22%2C%22upvotes%22%2C%22question_text%22%2C%22created_at%22%2C%22is_verified%22%2C%22question_title%22 "HTTP/2 201 Created"
2026-09-12 21:37:01,896 - httpx - INFO - HTTP Request: POST https://jmrbyubrrpxxvotsljms.supabase.co/rest/v1/interview_questions?columns=%22question_type%22%2C%22is_duplicate%22%2C%22company_slug%22%2C%22difficulty%22%2C%22source_url%22%2C%22source_name%22%2C%22position_level%22%2C%22position%22%2C%22interview_round%22%2C%22interview_date%22%2C%22scraped_at%22%2C%22company_name%22%2C%22upvotes%22%2C%22question_text%22%2C%22created_at%22%2C%22is_verified%22%2C%22question_title%22 "HTTP/2 201 Created"
2026-09-12 21:37:01,956 - httpx - INFO - HTTP Request: POST https://jmrbyubrrpxxvotsljms.supabase.co/rest/v1/interview_questions?columns=%22question_type%22%2C%22is_duplicate%22%2C%22company_slug%22%2C%22difficulty%22%2C%22source_url%22%2C%22source_name%22%2C%22position_level%22%2C%22position%22%2C%22interview_round%22%2C%22interview_date%22%2C%22scraped_at%22%2C%22company_name%22%2C%22upvotes%22%2C%22question_text%22%2C%22created_at%22%2C%22is_verified%22%2C%22question_title%22 "HTTP/2 201 Created"
2026-09-12 21:37:01,989 - httpx - INFO - HTTP Request: POST https://jmrbyubrrpxxvotsljms.supabase.co/rest/v1/interview_questions?columns=%22question_type%22%2C%22is_duplicate%22%2C%22company_slug%22%2C%22difficulty%22%2C%22source_url%22%2C%22source_name%22%2C%22position_level%22%2C%22position%22%2C%22interview_round%22%2C%22interview_date%22%2C%22scraped_at%22%2C%22company_name%22%2C%22upvotes%22%2C%22question_text%22%2C%22created_at%22%2C%22is_verified%22%2C%22question_title%22 "HTTP/2 201 Created"
2026-09-12 21:37:02,026 - httpx - INFO - HTTP Request: POST https://jmrbyubrrpxxvotsljms.supabase.co/rest/v1/interview_questions?columns=%22question_type%22%2C%22is_duplicate%22%2C%22company_slug%22%2C%22difficulty%22%2C%22source_url%22%2C%22source_name%22%2C%22position_level%22%2C%22position%22%2C%22interview_round%22%2C%22interview_date%22%2C%22scraped_at%22%2C%22company_name%22%2C%22upvotes%22%2C%22question_text%22%2C%22created_at%22%2C%22is_verified%22%2C%22question_title%22 "HTTP/2 201 Created"
2026-09-12 21:37:02,151 - httpx - INFO - HTTP Request: POST https://jmrbyubrrpxxvotsljms.supabase.co/rest/v1/interview_questions?columns=%22question_type%22%2C%22is_duplicate%22%2C%22company_slug%22%2C%22difficulty%22%2C%22source_url%22%2C%22source_name%22%2C%22position_level%22%2C%22position%22%2C%22interview_round%22%2C%22interview_date%22%2C%22scraped_at%22%2C%22company_name%22%2C%22upvotes%22%2C%22question_text%22%2C%22created_at%22%2C%22is_verified%22%2C%22question_title%22 "HTTP/2 201 Created"
2026-09-12 21:37:02,177 - httpx - INFO - HTTP Request: POST https://jmrbyubrrpxxvotsljms.supabase.co/rest/v1/interview_questions?columns=%22question_type%22%2C%22is_duplicate%22%2C%22company_slug%22%2C%22difficulty%22%2C%22source_url%22%2C%22source_name%22%2C%22position_level%22%2C%22position%22%2C%22interview_round%22%2C%22interview_date%22%2C%22scraped_at%22%2C%22company_name%22%2C%22upvotes%22%2C%22question_text%22%2C%22created_at%22%2C%22is_verified%22%2C%22question_title%22 "HTTP/2 201 Created"
2026-09-12 21:37:02,281 - httpx - INFO - HTTP Request: POST https://jmrbyubrrpxxvotsljms.supabase.co/rest/v1/interview_questions?columns=%22question_type%22%2C%22is_duplicate%22%2C%22company_slug%22%2C%22difficulty%22%2C%22source_url%22%2C%22source_name%22%2C%22position_level%22%2C%22position%22%2C%22interview_round%22%2C%22interview_date%22%2C%22scraped_at%22%2C%22company_name%22%2C%22upvotes%22%2C%22question_text%22%2C%22created_at%22%2C%22is_verified%22%2C%22question_title%22 "HTTP/2 201 Created"
2026-09-12 21:37:02,282 - httpx - INFO - HTTP Request: POST https://jmrbyubrrpxxvotsljms.supabase.co/rest/v1/interview_questions?columns=%22question_type%22%2C%22is_duplicate%22%2C%22company_slug%22%2C%22difficulty%22%2C%22source_url%22%2C%22source_name%22%2C%22position_level%22%2C%22position%22%2C%22interview_round%22%2C%22interview_date%22%2C%22scraped_at%22%2C%22company_name%22%2C%22upvotes%22%2C%22question_text%22%2C%22created_at%22%2C%22is_verified%22%2C%22question_title%22 "HTTP/2 201 Created"
2026-09-12 21:37:02,344 - httpx - INFO - HTTP Request: POST https://jmrbyubrrpxxvotsljms.supabase.co/rest/v1/interview_questions?columns=%22question_type%22%2C%22is_duplicate%22%2C%22company_slug%22%2C%22difficulty%22%2C%22source_url%22%2C%22source_name%22%2C%22position_level%22%2C%22position%22%2C%22interview_round%22%2C%22interview_date%22%2C%22scraped_at%22%2C%22company_name%22%2C%22upvotes%22%2C%22question_text%22%2C%22created_at%22%2C%22is_verified%22%2C%22question_title%22 "HTTP/2 201 Created"
2026-09-12 21:37:02,409 - httpx - INFO - HTTP Request: POST https://jmrbyubrrpxxvotsljms.supabase.co/rest/v1/interview_questions?columns=%22question_type%22%2C%22is_duplicate%22%2C%22company_slug%22%2C%22difficulty%22%2C%22source_url%22%2C%22source_name%22%2C%22position_level%22%2C%22position%22%2C%22interview_round%22%2C%22interview_date%22%2C%22scraped_at%22%2C%22company_name%22%2C%22upvotes%22%2C%22question_text%22%2C%22created_at%22%2C%22is_verified%22%2C%22question_title%22 "HTTP/2 201 Created"
2026-09-12 21:37:02,410 - httpx - INFO - HTTP Request: POST https://jmrbyubrrpxxvotsljms.supabase.co/rest/v1/interview_questions?columns=%22question_type%22%2C%22is_duplicate%22%2C%22company_slug%22%2C%22difficulty%22%2C%22source_url%22%2C%22source_name%22%2C%22position_level%22%2C%22position%22%2C%22interview_round%22%2C%22interview_date%22%2C%22scraped_at%22%2C%22company_name%22%2C%22upvotes%22%2C%22question_text%22%2C%22created_at%22%2C%22is_verified%22%2C%22question_title%22 "HTTP/2 201 Created"
2026-09-12 21:37:02,452 - httpx - INFO - HTTP Request: POST https://jmrbyubrrpxxvotsljms.supabase.co/rest/v1/interview_questions?columns=%22question_type%22%2C%22is_duplicate%22%2C%22company_slug%22%2C%22difficulty%22%2C%22source_url%22%2C%22source_name%22%2C%22position_level%22%2C%22position%22%2C%22interview_round%22%2C%22interview_date%22%2C%22scraped_at%22%2C%22company_name%22%2C%22upvotes%22%2C%22question_text%22%2C%22created_at%22%2C%22is_verified%22%2C%22question_title%22 "HTTP/2 201 Created"
2026-09-12 21:37:02,543 - httpx - INFO - HTTP Request: POST https://jmrbyubrrpxxvotsljms.supabase.co/rest/v1/interview_questions?columns=%22question_type%22%2C%22is_duplicate%22%2C%22company_slug%22%2C%22difficulty%22%2C%22source_url%22%2C%22source_name%22%2C%22position_level%22%2C%22position%22%2C%22interview_round%22%2C%22interview_date%22%2C%22scraped_at%22%2C%22company_name%22%2C%22upvotes%22%2C%22question_text%22%2C%22created_at%22%2C%22is_verified%22%2C%22question_title%22 "HTTP/2 201 Created"
2026-09-12 21:37:02,545 - httpx - INFO - HTTP Request: POST https://jmrbyubrrpxxvotsljms.supabase.co/rest/v1/interview_questions?columns=%22question_type%22%2C%22is_duplicate%22%2C%22company_slug%22%2C%22difficulty%22%2C%22source_url%22%2C%22source_name%22%2C%22position_level%22%2C%22position%22%2C%22interview_round%22%2C%22interview_date%22%2C%22scraped_at%22%2C%22company_name%22%2C%22upvotes%22%2C%22question_text%22%2C%22created_at%22%2C%22is_verified%22%2C%22question_title%22 "HTTP/2 201 Created"
2026-09-12 21:37:02,578 - httpx - INFO - HTTP Request: POST https://jmrbyubrrpxxvotsljms.supabase.co/rest/v1/interview_questions?columns=%22question_type%22%2C%22is_duplicate%22%2C%22company_slug%22%2C%22difficulty%22%2C%22source_url%22%2C%22source_name%22%2C%22position_level%22%2C%22position%22%2C%22interview_round%22%2C%22interview_date%22%2C%22scraped_at%22%2C%22company_name%22%2C%22upvotes%22%2C%22question_text%22%2C%22created_at%22%2C%22is_verified%22%2C%22question_title%22 "HTTP/2 201 Created"
2026-09-12 21:37:02,662 - httpx - INFO - HTTP Request: POST https://jmrbyubrrpxxvotsljms.supabase.co/rest/v1/interview_questions?columns=%22question_type%22%2C%22is_duplicate%22%2C%22company_slug%22%2C%22difficulty%22%2C%22source_url%22%2C%22source_name%22%2C%22position_level%22%2C%22position%22%2C%22interview_round%22%2C%22interview_date%22%2C%22scraped_at%22%2C%22company_name%22%2C%22upvotes%22%2C%22question_text%22%2C%22created_at%22%2C%22is_verified%22%2C%22question_title%22 "HTTP/2 201 Created"
2026-09-12 21:37:02,673 - httpx - INFO - HTTP Request: POST https://jmrbyubrrpxxvotsljms.supabase.co/rest/v1/interview_questions?columns=%22question_type%22%2C%22is_duplicate%22%2C%22company_slug%22%2C%22difficulty%22%2C%22source_url%22%2C%22source_name%22%2C%22position_level%22%2C%22position%22%2C%22interview_round%22%2C%22interview_date%22%2C%22scraped_at%22%2C%22company_name%22%2C%22upvotes%22%2C%22question_text%22%2C%22created_at%22%2C%22is_verified%22%2C%22question_title%22 "HTTP/2 201 Created"
2026-09-12 21:37:02,707 - httpx - INFO - HTTP Request: POST https://jmrbyubrrpxxvotsljms.supabase.co/rest/v1/interview_questions?columns=%22question_type%22%2C%22is_duplicate%22%2C%22company_slug%22%2C%22difficulty%22%2C%22source_url%22%2C%22source_name%22%2C%22position_level%22%2C%22position%22%2C%22interview_round%22%2C%22interview_date%22%2C%22scraped_at%22%2C%22company_name%22%2C%22upvotes%22%2C%22question_text%22%2C%22created_at%22%2C%22is_verified%22%2C%22question_title%22 "HTTP/2 201 Created"
2026-09-12 21:37:02,777 - httpx - INFO - HTTP Request: POST https://jmrbyubrrpxxvotsljms.supabase.co/rest/v1/interview_questions?columns=%22question_type%22%2C%22is_duplicate%22%2C%22company_slug%22%2C%22difficulty%22%2C%22source_url%22%2C%22source_name%22%2C%22position_level%22%2C%22position%22%2C%22interview_round%22%2C%22interview_date%22%2C%22scraped_at%22%2C%22company_name%22%2C%22upvotes%22%2C%22question_text%22%2C%22created_at%22%2C%22is_verified%22%2C%22question_title%22 "HTTP/2 201 Created"
2026-09-12 21:37:02,824 - httpx - INFO - HTTP Request: POST https://jmrbyubrrpxxvotsljms.supabase.co/rest/v1/interview_questions?columns=%22question_type%22%2C%22is_duplicate%22%2C%22company_slug%22%2C%22difficulty%22%2C%22source_url%22%2C%22source_name%22%2C%22position_level%22%2C%22position%22%2C%22interview_round%22%2C%22interview_date%22%2C%22scraped_at%22%2C%22company_name%22%2C%22upvotes%22%2C%22question_text%22%2C%22created_at%22%2C%22is_verified%22%2C%22question_title%22 "HTTP/2 201 Created"
2026-09-12 21:37:02,826 - httpx - INFO - HTTP Request: POST https://jmrbyubrrpxxvotsljms.supabase.co/rest/v1/interview_questions?columns=%22question_type%22%2C%22is_duplicate%22%2C%22company_slug%22%2C%22difficulty%22%2C%22source_url%22%2C%22source_name%22%2C%22position_level%22%2C%22position%22%2C%22interview_round%22%2C%22interview_date%22%2C%22scraped_at%22%2C%22company_name%22%2C%22upvotes%22%2C%22question_text%22%2C%22created_at%22%2C%22is_verified%22%2C%22question_title%22 "HTTP/2 201 Created"
2026-09-12 21:37:02,891 - httpx - INFO - HTTP Request: POST https://jmrbyubrrpxxvotsljms.supabase.co/rest/v1/interview_questions?columns=%22question_type%22%2C%22is_duplicate%22%2C%22company_slug%22%2C%22difficulty%22%2C%22source_url%22%2C%22source_name%22%2C%22position_level%22%2C%22position%22%2C%22interview_round%22%2C%22interview_date%22%2C%22scraped_at%22%2C%22company_name%22%2C%22upvotes%22%2C%22question_text%22%2C%22created_at%22%2C%22is_verified%22%2C%22question_title%22 "HTTP/2 201 Created"
2026-09-12 21:37:02,933 - httpx - INFO - HTTP Request: POST https://jmrbyubrrpxxvotsljms.supabase.co/rest/v1/interview_questions?columns=%22question_type%22%2C%22is_duplicate%22%2C%22company_slug%22%2C%22difficulty%22%2C%22source_url%22%2C%22source_name%22%2C%22position_level%22%2C%22position%22%2C%22interview_round%22%2C%22interview_date%22%2C%22scraped_at%22%2C%22company_name%22%2C%22upvotes%22%2C%22question_text%22%2C%22created_at%22%2C%22is_verified%22%2C%22question_title%22 "HTTP/2 201 Created"
2026-09-12 21:37:02,949 - httpx - INFO - HTTP Request: POST https://jmrbyubrrpxxvotsljms.supabase.co/rest/v1/interview_questions?columns=%22question_type%22%2C%22is_duplicate%22%2C%22company_slug%22%2C%22difficulty%22%2C%22source_url%22%2C%22source_name%22%2C%22position_level%22%2C%22position%22%2C%22interview_round%22%2C%22interview_date%22%2C%22scraped_at%22%2C%22company_name%22%2C%22upvotes%22%2C%22question_text%22%2C%22created_at%22%2C%22is_verified%22%2C%22question_title%22 "HTTP/2 201 Created"
2026-09-12 21:37:03,000 - httpx - INFO - HTTP Request: POST https://jmrbyubrrpxxvotsljms.supabase.co/rest/v1/interview_questions?columns=%22question_type%22%2C%22is_duplicate%22%2C%22company_slug%22%2C%22difficulty%22%2C%22source_url%22%2C%22source_name%22%2C%22position_level%22%2C%22position%22%2C%22interview_round%22%2C%22interview_date%22%2C%22scraped_at%22%2C%22company_name%22%2C%22upvotes%22%2C%22question_text%22%2C%22created_at%22%2C%22is_verified%22%2C%22question_title%22 "HTTP/2 201 Created"
2026-09-12 21:37:03,038 - httpx - INFO - HTTP Request: POST https://jmrbyubrrpxxvotsljms.supabase.co/rest/v1/interview_questions?columns=%22question_type%22%2C%22is_duplicate%22%2C%22company_slug%22%2C%22difficulty%22%2C%22source_url%22%2C%22source_name%22%2C%22position_level%22%2C%22position%22%2C%22interview_round%22%2C%22interview_date%22%2C%22scraped_at%22%2C%22company_name%22%2C%22upvotes%22%2C%22question_text%22%2C%22created_at%22%2C%22is_verified%22%2C%22question_title%22 "HTTP/2 201 Created"
2026-09-12 21:37:03,055 - httpx - INFO - HTTP Request: POST https://jmrbyubrrpxxvotsljms.supabase.co/rest/v1/interview_questions?columns=%22question_type%22%2C%22is_duplicate%22%2C%22company_slug%22%2C%22difficulty%22%2C%22source_url%22%2C%22source_name%22%2C%22position_level%22%2C%22position%22%2C%22interview_round%22%2C%22interview_date%22%2C%22scraped_at%22%2C%22company_name%22%2C%22upvotes%22%2C%22question_text%22%2C%22created_at%22%2C%22is_verified%22%2C%22question_title%22 "HTTP/2 201 Created"
2026-09-12 21:37:03,104 - httpx - INFO - HTTP Request: POST https://jmrbyubrrpxxvotsljms.supabase.co/rest/v1/interview_questions?columns=%22question_type%22%2C%22is_duplicate%22%2C%22company_slug%22%2C%22difficulty%22%2C%22source_url%22%2C%22source_name%22%2C%22position_level%22%2C%22position%22%2C%22interview_round%22%2C%22interview_date%22%2C%22scraped_at%22%2C%22company_name%22%2C%22upvotes%22%2C%22question_text%22%2C%22created_at%22%2C%22is_verified%22%2C%22question_title%22 "HTTP/2 201 Created"
2026-09-12 21:37:03,150 - httpx - INFO - HTTP Request: POST https://jmrbyubrrpxxvotsljms.supabase.co/rest/v1/interview_questions?columns=%22question_type%22%2C%22is_duplicate%22%2C%22company_slug%22%2C%22difficulty%22%2C%22source_url%22%2C%22source_name%22%2C%22position_level%22%2C%22position%22%2C%22interview_round%22%2C%22interview_date%22%2C%22scraped_at%22%2C%22company_name%22%2C%22upvotes%22%2C%22question_text%22%2C%22created_at%22%2C%22is_verified%22%2C%22question_title%22 "HTTP/2 201 Created"
2026-09-12 21:37:03,174 - httpx - INFO - HTTP Request: POST https://jmrbyubrrpxxvotsljms.supabase.co/rest/v1/interview_questions?columns=%22question_type%22%2C%22is_duplicate%22%2C%22company_slug%22%2C%22difficulty%22%2C%22source_url%22%2C%22source_name%22%2C%22position_level%22%2C%22position%22%2C%22interview_round%22%2C%22interview_date%22%2C%22scraped_at%22%2C%22company_name%22%2C%22upvotes%22%2C%22question_text%22%2C%22created_at%22%2C%22is_verified%22%2C%22question_title%22 "HTTP/2 201 Created"
2026-09-12 21:37:03,211 - httpx - INFO - HTTP Request: POST https://jmrbyubrrpxxvotsljms.supabase.co/rest/v1/interview_questions?columns=%22question_type%22%2C%22is_duplicate%22%2C%22company_slug%22%2C%22difficulty%22%2C%22source_url%22%2C%22source_name%22%2C%22position_level%22%2C%22position%22%2C%22interview_round%22%2C%22interview_date%22%2C%22scraped_at%22%2C%22company_name%22%2C%22upvotes%22%2C%22question_text%22%2C%22created_at%22%2C%22is_verified%22%2C%22question_title%22 "HTTP/2 201 Created"
2026-09-12 21:37:03,316 - httpx - INFO - HTTP Request: POST https://jmrbyubrrpxxvotsljms.supabase.co/rest/v1/interview_questions?columns=%22question_type%22%2C%22is_duplicate%22%2C%22company_slug%22%2C%22difficulty%22%2C%22source_url%22%2C%22source_name%22%2C%22position_level%22%2C%22position%22%2C%22interview_round%22%2C%22interview_date%22%2C%22scraped_at%22%2C%22company_name%22%2C%22upvotes%22%2C%22question_text%22%2C%22created_at%22%2C%22is_verified%22%2C%22question_title%22 "HTTP/2 201 Created"
2026-09-12 21:37:03,317 - httpx - INFO - HTTP Request: POST https://jmrbyubrrpxxvotsljms.supabase.co/rest/v1/interview_questions?columns=%22question_type%22%2C%22is_duplicate%22%2C%22company_slug%22%2C%22difficulty%22%2C%22source_url%22%2C%22source_name%22%2C%22position_level%22%2C%22position%22%2C%22interview_round%22%2C%22interview_date%22%2C%22scraped_at%22%2C%22company_name%22%2C%22upvotes%22%2C%22question_text%22%2C%22created_at%22%2C%22is_verified%22%2C%22question_title%22 "HTTP/2 201 Created"
2026-09-12 21:37:03,328 - httpx - INFO - HTTP Request: POST https://jmrbyubrrpxxvotsljms.supabase.co/rest/v1/interview_questions?columns=%22question_type%22%2C%22is_duplicate%22%2C%22company_slug%22%2C%22difficulty%22%2C%22source_url%22%2C%22source_name%22%2C%22position_level%22%2C%22position%22%2C%22interview_round%22%2C%22interview_date%22%2C%22scraped_at%22%2C%22company_name%22%2C%22upvotes%22%2C%22question_text%22%2C%22created_at%22%2C%22is_verified%22%2C%22question_title%22 "HTTP/2 201 Created"
2026-09-12 21:37:03,442 - httpx - INFO - HTTP Request: POST https://jmrbyubrrpxxvotsljms.supabase.co/rest/v1/interview_questions?columns=%22question_type%22%2C%22is_duplicate%22%2C%22company_slug%22%2C%22difficulty%22%2C%22source_url%22%2C%22source_name%22%2C%22position_level%22%2C%22position%22%2C%22interview_round%22%2C%22interview_date%22%2C%22scraped_at%22%2C%22company_name%22%2C%22upvotes%22%2C%22question_text%22%2C%22created_at%22%2C%22is_verified%22%2C%22question_title%22 "HTTP/2 201 Created"
2026-09-12 21:37:03,452 - httpx - INFO - HTTP Request: POST https://jmrbyubrrpxxvotsljms.supabase.co/rest/v1/interview_questions?columns=%22question_type%22%2C%22is_duplicate%22%2C%22company_slug%22%2C%22difficulty%22%2C%22source_url%22%2C%22source_name%22%2C%22position_level%22%2C%22position%22%2C%22interview_round%22%2C%22interview_date%22%2C%22scraped_at%22%2C%22company_name%22%2C%22upvotes%22%2C%22question_text%22%2C%22created_at%22%2C%22is_verified%22%2C%22question_title%22 "HTTP/2 201 Created"
2026-09-12 21:37:03,475 - httpx - INFO - HTTP Request: POST https://jmrbyubrrpxxvotsljms.supabase.co/rest/v1/interview_questions?columns=%22question_type%22%2C%22is_duplicate%22%2C%22company_slug%22%2C%22difficulty%22%2C%22source_url%22%2C%22source_name%22%2C%22position_level%22%2C%22position%22%2C%22interview_round%22%2C%22interview_date%22%2C%22scraped_at%22%2C%22company_name%22%2C%22upvotes%22%2C%22question_text%22%2C%22created_at%22%2C%22is_verified%22%2C%22question_title%22 "HTTP/2 201 Created"
2026-09-12 21:37:03,567 - httpx - INFO - HTTP Request: POST https://jmrbyubrrpxxvotsljms.supabase.co/rest/v1/interview_questions?columns=%22question_type%22%2C%22is_duplicate%22%2C%22company_slug%22%2C%22difficulty%22%2C%22source_url%22%2C%22source_name%22%2C%22position_level%22%2C%22position%22%2C%22interview_round%22%2C%22interview_date%22%2C%22scraped_at%22%2C%22company_name%22%2C%22upvotes%22%2C%22question_text%22%2C%22created_at%22%2C%22is_verified%22%2C%22question_title%22 "HTTP/2 201 Created"
2026-09-12 21:37:03,599 - httpx - INFO - HTTP Request: POST https://jmrbyubrrpxxvotsljms.supabase.co/rest/v1/interview_questions?columns=%22question_type%22%2C%22is_duplicate%22%2C%22company_slug%22%2C%22difficulty%22%2C%22source_url%22%2C%22source_name%22%2C%22position_level%22%2C%22position%22%2C%22interview_round%22%2C%22interview_date%22%2C%22scraped_at%22%2C%22company_name%22%2C%22upvotes%22%2C%22question_text%22%2C%22created_at%22%2C%22is_verified%22%2C%22question_title%22 "HTTP/2 201 Created"
2026-09-12 21:37:03,601 - httpx - INFO - HTTP Request: POST https://jmrbyubrrpxxvotsljms.supabase.co/rest/v1/interview_questions?columns=%22question_type%22%2C%22is_duplicate%22%2C%22company_slug%22%2C%22difficulty%22%2C%22source_url%22%2C%22source_name%22%2C%22position_level%22%2C%22position%22%2C%22interview_round%22%2C%22interview_date%22%2C%22scraped_at%22%2C%22company_name%22%2C%22upvotes%22%2C%22question_text%22%2C%22created_at%22%2C%22is_verified%22%2C%22question_title%22 "HTTP/2 201 Created"
2026-09-12 21:37:03,702 - httpx - INFO - HTTP Request: POST https://jmrbyubrrpxxvotsljms.supabase.co/rest/v1/interview_questions?columns=%22question_type%22%2C%22is_duplicate%22%2C%22company_slug%22%2C%22difficulty%22%2C%22source_url%22%2C%22source_name%22%2C%22position_level%22%2C%22position%22%2C%22interview_round%22%2C%22interview_date%22%2C%22scraped_at%22%2C%22company_name%22%2C%22upvotes%22%2C%22question_text%22%2C%22created_at%22%2C%22is_verified%22%2C%22question_title%22 "HTTP/2 201 Created"
2026-09-12 21:37:03,731 - httpx - INFO - HTTP Request: POST https://jmrbyubrrpxxvotsljms.supabase.co/rest/v1/interview_questions?columns=%22question_type%22%2C%22is_duplicate%22%2C%22company_slug%22%2C%22difficulty%22%2C%22source_url%22%2C%22source_name%22%2C%22position_level%22%2C%22position%22%2C%22interview_round%22%2C%22interview_date%22%2C%22scraped_at%22%2C%22company_name%22%2C%22upvotes%22%2C%22question_text%22%2C%22created_at%22%2C%22is_verified%22%2C%22question_title%22 "HTTP/2 201 Created"
2026-09-12 21:37:03,762 - httpx - INFO - HTTP Request: POST https://jmrbyubrrpxxvotsljms.supabase.co/rest/v1/interview_questions?columns=%22question_type%22%2C%22is_duplicate%22%2C%22company_slug%22%2C%22difficulty%22%2C%22source_url%22%2C%22source_name%22%2C%22position_level%22%2C%22position%22%2C%22interview_round%22%2C%22interview_date%22%2C%22scraped_at%22%2C%22company_name%22%2C%22upvotes%22%2C%22question_text%22%2C%22created_at%22%2C%22is_verified%22%2C%22question_title%22 "HTTP/2 201 Created"
2026-09-12 21:37:03,828 - httpx - INFO - HTTP Request: POST https://jmrbyubrrpxxvotsljms.supabase.co/rest/v1/interview_questions?columns=%22question_type%22%2C%22is_duplicate%22%2C%22company_slug%22%2C%22difficulty%22%2C%22source_url%22%2C%22source_name%22%2C%22position_level%22%2C%22position%22%2C%22interview_round%22%2C%22interview_date%22%2C%22scraped_at%22%2C%22company_name%22%2C%22upvotes%22%2C%22question_text%22%2C%22created_at%22%2C%22is_verified%22%2C%22question_title%22 "HTTP/2 201 Created"
2026-09-12 21:37:03,859 - httpx - INFO - HTTP Request: POST https://jmrbyubrrpxxvotsljms.supabase.co/rest/v1/interview_questions?columns=%22question_type%22%2C%22is_duplicate%22%2C%22company_slug%22%2C%22difficulty%22%2C%22source_url%22%2C%22source_name%22%2C%22position_level%22%2C%22position%22%2C%22interview_round%22%2C%22interview_date%22%2C%22scraped_at%22%2C%22company_name%22%2C%22upvotes%22%2C%22question_text%22%2C%22created_at%22%2C%22is_verified%22%2C%22question_title%22 "HTTP/2 201 Created"
2026-09-12 21:37:03,915 - httpx - INFO - HTTP Request: POST https://jmrbyubrrpxxvotsljms.supabase.co/rest/v1/interview_questions?columns=%22question_type%22%2C%22is_duplicate%22%2C%22company_slug%22%2C%22difficulty%22%2C%22source_url%22%2C%22source_name%22%2C%22position_level%22%2C%22position%22%2C%22interview_round%22%2C%22interview_date%22%2C%22scraped_at%22%2C%22company_name%22%2C%22upvotes%22%2C%22question_text%22%2C%22created_at%22%2C%22is_verified%22%2C%22question_title%22 "HTTP/2 201 Created"
2026-09-12 21:37:03,953 - httpx - INFO - HTTP Request: POST https://jmrbyubrrpxxvotsljms.supabase.co/rest/v1/interview_questions?columns=%22question_type%22%2C%22is_duplicate%22%2C%22company_slug%22%2C%22difficulty%22%2C%22source_url%22%2C%22source_name%22%2C%22position_level%22%2C%22position%22%2C%22interview_round%22%2C%22interview_date%22%2C%22scraped_at%22%2C%22company_name%22%2C%22upvotes%22%2C%22question_text%22%2C%22created_at%22%2C%22is_verified%22%2C%22question_title%22 "HTTP/2 201 Created"
2026-09-12 21:37:03,973 - httpx - INFO - HTTP Request: POST https://jmrbyubrrpxxvotsljms.supabase.co/rest/v1/interview_questions?columns=%22question_type%22%2C%22is_duplicate%22%2C%22company_slug%22%2C%22difficulty%22%2C%22source_url%22%2C%22source_name%22%2C%22position_level%22%2C%22position%22%2C%22interview_round%22%2C%22interview_date%22%2C%22scraped_at%22%2C%22company_name%22%2C%22upvotes%22%2C%22question_text%22%2C%22created_at%22%2C%22is_verified%22%2C%22question_title%22 "HTTP/2 201 Created"
2026-09-12 21:37:04,034 - httpx - INFO - HTTP Request: POST https://jmrbyubrrpxxvotsljms.supabase.co/rest/v1/interview_questions?columns=%22question_type%22%2C%22is_duplicate%22%2C%22company_slug%22%2C%22difficulty%22%2C%22source_url%22%2C%22source_name%22%2C%22position_level%22%2C%22position%22%2C%22interview_round%22%2C%22interview_date%22%2C%22scraped_at%22%2C%22company_name%22%2C%22upvotes%22%2C%22question_text%22%2C%22created_at%22%2C%22is_verified%22%2C%22question_title%22 "HTTP/2 201 Created"
2026-09-12 21:37:04,062 - httpx - INFO - HTTP Request: POST https://jmrbyubrrpxxvotsljms.supabase.co/rest/v1/interview_questions?columns=%22question_type%22%2C%22is_duplicate%22%2C%22company_slug%22%2C%22difficulty%22%2C%22source_url%22%2C%22source_name%22%2C%22position_level%22%2C%22position%22%2C%22interview_round%22%2C%22interview_date%22%2C%22scraped_at%22%2C%22company_name%22%2C%22upvotes%22%2C%22question_text%22%2C%22created_at%22%2C%22is_verified%22%2C%22question_title%22 "HTTP/2 201 Created"
2026-09-12 21:37:04,074 - httpx - INFO - HTTP Request: POST https://jmrbyubrrpxxvotsljms.supabase.co/rest/v1/interview_questions?columns=%22question_type%22%2C%22is_duplicate%22%2C%22company_slug%22%2C%22difficulty%22%2C%22source_url%22%2C%22source_name%22%2C%22position_level%22%2C%22position%22%2C%22interview_round%22%2C%22interview_date%22%2C%22scraped_at%22%2C%22company_name%22%2C%22upvotes%22%2C%22question_text%22%2C%22created_at%22%2C%22is_verified%22%2C%22question_title%22 "HTTP/2 201 Created"
2026-09-12 21:37:04,159 - httpx - INFO - HTTP Request: POST https://jmrbyubrrpxxvotsljms.supabase.co/rest/v1/interview_questions?columns=%22question_type%22%2C%22is_duplicate%22%2C%22company_slug%22%2C%22difficulty%22%2C%22source_url%22%2C%22source_name%22%2C%22position_level%22%2C%22position%22%2C%22interview_round%22%2C%22interview_date%22%2C%22scraped_at%22%2C%22company_name%22%2C%22upvotes%22%2C%22question_text%22%2C%22created_at%22%2C%22is_verified%22%2C%22question_title%22 "HTTP/2 201 Created"
2026-09-12 21:37:04,171 - httpx - INFO - HTTP Request: POST https://jmrbyubrrpxxvotsljms.supabase.co/rest/v1/interview_questions?columns=%22question_type%22%2C%22is_duplicate%22%2C%22company_slug%22%2C%22difficulty%22%2C%22source_url%22%2C%22source_name%22%2C%22position_level%22%2C%22position%22%2C%22interview_round%22%2C%22interview_date%22%2C%22scraped_at%22%2C%22company_name%22%2C%22upvotes%22%2C%22question_text%22%2C%22created_at%22%2C%22is_verified%22%2C%22question_title%22 "HTTP/2 201 Created"
2026-09-12 21:37:04,188 - httpx - INFO - HTTP Request: POST https://jmrbyubrrpxxvotsljms.supabase.co/rest/v1/interview_questions?columns=%22question_type%22%2C%22is_duplicate%22%2C%22company_slug%22%2C%22difficulty%22%2C%22source_url%22%2C%22source_name%22%2C%22position_level%22%2C%22position%22%2C%22interview_round%22%2C%22interview_date%22%2C%22scraped_at%22%2C%22company_name%22%2C%22upvotes%22%2C%22question_text%22%2C%22created_at%22%2C%22is_verified%22%2C%22question_title%22 "HTTP/2 201 Created"
2026-09-12 21:37:04,271 - httpx - INFO - HTTP Request: POST https://jmrbyubrrpxxvotsljms.supabase.co/rest/v1/interview_questions?columns=%22question_type%22%2C%22is_duplicate%22%2C%22company_slug%22%2C%22difficulty%22%2C%22source_url%22%2C%22source_name%22%2C%22position_level%22%2C%22position%22%2C%22interview_round%22%2C%22interview_date%22%2C%22scraped_at%22%2C%22company_name%22%2C%22upvotes%22%2C%22question_text%22%2C%22created_at%22%2C%22is_verified%22%2C%22question_title%22 "HTTP/2 201 Created"
2026-09-12 21:37:04,288 - httpx - INFO - HTTP Request: POST https://jmrbyubrrpxxvotsljms.supabase.co/rest/v1/interview_questions?columns=%22question_type%22%2C%22is_duplicate%22%2C%22company_slug%22%2C%22difficulty%22%2C%22source_url%22%2C%22source_name%22%2C%22position_level%22%2C%22position%22%2C%22interview_round%22%2C%22interview_date%22%2C%22scraped_at%22%2C%22company_name%22%2C%22upvotes%22%2C%22question_text%22%2C%22created_at%22%2C%22is_verified%22%2C%22question_title%22 "HTTP/2 201 Created"
2026-09-12 21:37:04,302 - httpx - INFO - HTTP Request: POST https://jmrbyubrrpxxvotsljms.supabase.co/rest/v1/interview_questions?columns=%22question_type%22%2C%22is_duplicate%22%2C%22company_slug%22%2C%22difficulty%22%2C%22source_url%22%2C%22source_name%22%2C%22position_level%22%2C%22position%22%2C%22interview_round%22%2C%22interview_date%22%2C%22scraped_at%22%2C%22company_name%22%2C%22upvotes%22%2C%22question_text%22%2C%22created_at%22%2C%22is_verified%22%2C%22question_title%22 "HTTP/2 201 Created"
2026-09-12 21:37:04,389 - httpx - INFO - HTTP Request: POST https://jmrbyubrrpxxvotsljms.supabase.co/rest/v1/interview_questions?columns=%22question_type%22%2C%22is_duplicate%22%2C%22company_slug%22%2C%22difficulty%22%2C%22source_url%22%2C%22source_name%22%2C%22position_level%22%2C%22position%22%2C%22interview_round%22%2C%22interview_date%22%2C%22scraped_at%22%2C%22company_name%22%2C%22upvotes%22%2C%22question_text%22%2C%22created_at%22%2C%22is_verified%22%2C%22question_title%22 "HTTP/2 201 Created"
2026-09-12 21:37:04,405 - httpx - INFO - HTTP Request: POST https://jmrbyubrrpxxvotsljms.supabase.co/rest/v1/interview_questions?columns=%22question_type%22%2C%22is_duplicate%22%2C%22company_slug%22%2C%22difficulty%22%2C%22source_url%22%2C%22source_name%22%2C%22position_level%22%2C%22position%22%2C%22interview_round%22%2C%22interview_date%22%2C%22scraped_at%22%2C%22company_name%22%2C%22upvotes%22%2C%22question_text%22%2C%22created_at%22%2C%22is_verified%22%2C%22question_title%22 "HTTP/2 201 Created"
2026-09-12 21:37:04,422 - httpx - INFO - HTTP Request: POST https://jmrbyubrrpxxvotsljms.supabase.co/rest/v1/interview_questions?columns=%22question_type%22%2C%22is_duplicate%22%2C%22company_slug%22%2C%22difficulty%22%2C%22source_url%22%2C%22source_name%22%2C%22position_level%22%2C%22position%22%2C%22interview_round%22%2C%22interview_date%22%2C%22scraped_at%22%2C%22company_name%22%2C%22upvotes%22%2C%22question_text%22%2C%22created_at%22%2C%22is_verified%22%2C%22question_title%22 "HTTP/2 201 Created"
2026-09-12 21:37:04,496 - httpx - INFO - HTTP Request: POST https://jmrbyubrrpxxvotsljms.supabase.co/rest/v1/interview_questions?columns=%22question_type%22%2C%22is_duplicate%22%2C%22company_slug%22%2C%22difficulty%22%2C%22source_url%22%2C%22source_name%22%2C%22position_level%22%2C%22position%22%2C%22interview_round%22%2C%22interview_date%22%2C%22scraped_at%22%2C%22company_name%22%2C%22upvotes%22%2C%22question_text%22%2C%22created_at%22%2C%22is_verified%22%2C%22question_title%22 "HTTP/2 201 Created"
2026-09-12 21:37:04,521 - httpx - INFO - HTTP Request: POST https://jmrbyubrrpxxvotsljms.supabase.co/rest/v1/interview_questions?columns=%22question_type%22%2C%22is_duplicate%22%2C%22company_slug%22%2C%22difficulty%22%2C%22source_url%22%2C%22source_name%22%2C%22position_level%22%2C%22position%22%2C%22interview_round%22%2C%22interview_date%22%2C%22scraped_at%22%2C%22company_name%22%2C%22upvotes%22%2C%22question_text%22%2C%22created_at%22%2C%22is_verified%22%2C%22question_title%22 "HTTP/2 201 Created"
2026-09-12 21:37:04,592 - interview_orchestrator - INFO - Saved 20598 new, 0 updated questions (0 skipped) in 10306ms
2026-09-12 21:37:04,734 - httpx - INFO - HTTP Request: POST https://jmrbyubrrpxxvotsljms.supabase.co/rest/v1/interview_sources?on_conflict=source_name "HTTP/2 200 OK"
2026-09-12 21:37:04,769 - interview_orchestrator - INFO - Completed github_repos: completed, found=20631, new=20598, duration=293.3s
2026-09-12 21:37:04,771 - interview_orchestrator - INFO - Orchestrator complete: 1/1 succeeded, 0 failed, 0 skipped, total questions: 20598 new, duration: 294.3s
2026-09-13 03:17:49,303 - scraper_monitoring - INFO - Started tracking run ambitionbox_1789294669 for ambitionbox
2026-09-13 03:25:19,454 - interview_orchestrator - INFO - Starting orchestrator run: interview_scrape_20260913_102519
2026-09-13 03:25:19,454 - interview_orchestrator - INFO - Date range: 2025-09-18 to 2026-09-13
2026-09-13 03:25:19,454 - interview_orchestrator - INFO - Max concurrency: 5, Incremental: False
2026-09-13 03:25:20,840 - httpx - INFO - HTTP Request: GET https://jmrbyubrrpxxvotsljms.supabase.co/rest/v1/interview_questions?select=id "HTTP/2 200 OK"
2026-09-13 03:25:20,860 - interview_orchestrator - INFO - Loaded 1000 existing question hashes
2026-09-13 03:25:20,860 - interview_orchestrator - INFO - Running 29 scrapers
2026-09-13 03:25:20,860 - interview_orchestrator - INFO - Running priority 1 scrapers: ['hackernews', 'reddit']
2026-09-13 03:25:20,862 - interview_orchestrator - INFO - Starting scraper: hackernews
2026-09-13 03:25:20,982 - httpx - INFO - HTTP Request: GET https://jmrbyubrrpxxvotsljms.supabase.co/rest/v1/interview_sources?select=last_scraped&source_name=eq.hackernews "HTTP/2 406 Not Acceptable"
2026-09-13 03:25:20,984 - interview_orchestrator - WARNING - Could not check last run for hackernews: {'message': 'Cannot coerce the result to a single JSON object', 'code': 'PGRST116', 'hint': None, 'details': 'The result contains 0 rows'}
2026-09-13 03:25:21,690 - interview_orchestrator - INFO - Starting scraper: reddit
2026-09-13 03:25:21,779 - httpx - INFO - HTTP Request: GET https://jmrbyubrrpxxvotsljms.supabase.co/rest/v1/interview_sources?select=last_scraped&source_name=eq.reddit "HTTP/2 406 Not Acceptable"
2026-09-13 03:25:21,781 - interview_orchestrator - WARNING - Could not check last run for reddit: {'message': 'Cannot coerce the result to a single JSON object', 'code': 'PGRST116', 'hint': None, 'details': 'The result contains 0 rows'}
2026-09-13 03:25:35,155 - interview_orchestrator - INFO - reddit: Found 0, unique 0, duplicates 0
2026-09-13 03:25:35,329 - httpx - INFO - HTTP Request: POST https://jmrbyubrrpxxvotsljms.supabase.co/rest/v1/interview_sources?on_conflict=source_name "HTTP/2 201 Created"
2026-09-13 03:30:21,708 - interview_orchestrator - WARNING - hackernews timed out, retrying (1/3)
2026-09-13 03:35:22,739 - interview_orchestrator - WARNING - hackernews timed out, retrying (2/3)
2026-09-13 03:40:24,802 - interview_orchestrator - INFO - hackernews: Found 0, unique 0, duplicates 0
2026-09-13 03:40:25,352 - httpx - INFO - HTTP Request: POST https://jmrbyubrrpxxvotsljms.supabase.co/rest/v1/interview_sources?on_conflict=source_name "HTTP/2 201 Created"
2026-09-13 03:40:25,485 - interview_orchestrator - INFO - Completed hackernews: completed, found=0, new=0, duration=904.6s
2026-09-13 03:40:25,502 - interview_orchestrator - INFO - Completed reddit: completed, found=0, new=0, duration=13.6s
2026-09-13 03:40:25,502 - interview_orchestrator - INFO - Running priority 2 scrapers: ['github_gists', 'geeksforgeeks', 'careercup', 'leetcode_discuss']
2026-09-13 03:40:25,502 - interview_orchestrator - INFO - Starting scraper: github_gists
2026-09-13 03:40:25,686 - httpx - INFO - HTTP Request: GET https://jmrbyubrrpxxvotsljms.supabase.co/rest/v1/interview_sources?select=last_scraped&source_name=eq.github_gists "HTTP/2 406 Not Acceptable"
2026-09-13 03:40:25,736 - interview_orchestrator - WARNING - Could not check last run for github_gists: {'message': 'Cannot coerce the result to a single JSON object', 'code': 'PGRST116', 'hint': None, 'details': 'The result contains 0 rows'}
2026-09-13 03:40:27,086 - interview_orchestrator - INFO - Starting scraper: geeksforgeeks
2026-09-13 03:40:27,456 - httpx - INFO - HTTP Request: GET https://jmrbyubrrpxxvotsljms.supabase.co/rest/v1/interview_sources?select=last_scraped&source_name=eq.geeksforgeeks "HTTP/2 406 Not Acceptable"
2026-09-13 03:40:27,620 - interview_orchestrator - WARNING - Could not check last run for geeksforgeeks: {'message': 'Cannot coerce the result to a single JSON object', 'code': 'PGRST116', 'hint': None, 'details': 'The result contains 0 rows'}
2026-09-13 03:40:28,170 - interview_orchestrator - INFO - Starting scraper: careercup
2026-09-13 03:40:28,569 - httpx - INFO - HTTP Request: GET https://jmrbyubrrpxxvotsljms.supabase.co/rest/v1/interview_sources?select=last_scraped&source_name=eq.careercup "HTTP/2 406 Not Acceptable"
2026-09-13 03:40:28,623 - interview_orchestrator - WARNING - Could not check last run for careercup: {'message': 'Cannot coerce the result to a single JSON object', 'code': 'PGRST116', 'hint': None, 'details': 'The result contains 0 rows'}
2026-09-13 03:40:29,171 - scraper_monitoring - INFO - Started tracking run geeksforgeeks_1789296028 for geeksforgeeks
2026-09-13 03:40:29,188 - sources.interview_questions.geeksforgeeks - INFO - Starting GeeksforGeeks scraper (last 5 months)
2026-09-13 03:40:29,654 - interview_orchestrator - INFO - Starting scraper: leetcode_discuss
2026-09-13 03:40:30,022 - httpx - INFO - HTTP Request: GET https://jmrbyubrrpxxvotsljms.supabase.co/rest/v1/interview_sources?select=last_scraped&source_name=eq.leetcode_discuss "HTTP/2 406 Not Acceptable"
2026-09-13 03:40:30,487 - interview_orchestrator - WARNING - Could not check last run for leetcode_discuss: {'message': 'Cannot coerce the result to a single JSON object', 'code': 'PGRST116', 'hint': None, 'details': 'The result contains 0 rows'}
2026-09-13 03:40:30,789 - scraper_monitoring - INFO - Started tracking run leetcode_discuss_1789296030 for leetcode_discuss
2026-09-13 03:40:30,873 - sources.interview_questions.leetcode_discuss - INFO - Scraping LeetCode Discuss (last 12 months)...
2026-09-13 03:40:31,689 - sources.interview_questions.geeksforgeeks - INFO - Validated 0 questions
2026-09-13 03:40:32,222 - scraper_monitoring - INFO - Finished run geeksforgeeks_1789296028: success=True, questions=0, duration=2.6s
2026-09-13 03:40:32,424 - interview_orchestrator - INFO - geeksforgeeks: Found 0, unique 0, duplicates 0
2026-09-13 03:40:32,698 - httpx - INFO - HTTP Request: POST https://jmrbyubrrpxxvotsljms.supabase.co/rest/v1/interview_sources?on_conflict=source_name "HTTP/2 201 Created"
2026-09-13 03:40:36,008 - sources.interview_questions.leetcode_discuss - ERROR - Error fetching LeetCode discuss posts: Expecting value: line 1 column 1 (char 0)
2026-09-13 03:40:36,043 - sources.interview_questions.leetcode_discuss - INFO - LeetCode scrape complete: 0 valid, 0 invalid, 0 fetched
2026-09-13 03:40:36,408 - scraper_monitoring - INFO - Finished run leetcode_discuss_1789296030: success=True, questions=0, duration=5.3s
2026-09-13 03:40:36,591 - interview_orchestrator - INFO - leetcode_discuss: Found 0, unique 0, duplicates 0
2026-09-13 03:40:36,959 - httpx - INFO - HTTP Request: POST https://jmrbyubrrpxxvotsljms.supabase.co/rest/v1/interview_sources?on_conflict=source_name "HTTP/2 201 Created"
2026-09-13 03:41:04,645 - interview_orchestrator - INFO - github_gists: Found 0, unique 0, duplicates 0
2026-09-13 03:41:05,246 - httpx - INFO - HTTP Request: POST https://jmrbyubrrpxxvotsljms.supabase.co/rest/v1/interview_sources?on_conflict=source_name "HTTP/2 201 Created"
